epoch,step,loss,lr
0,0,242.575745,0.0
0,1,220.917831,1e-08
0,2,174.093399,1e-08
0,3,194.061249,2e-08
0,4,559.340637,2e-08
0,5,313.094391,3e-08
0,6,230.770874,3e-08
0,7,351.618744,4e-08
0,8,145.768341,4e-08
0,9,439.18573,5e-08
0,10,287.962311,5e-08
0,11,492.333954,6e-08
0,12,205.451431,6e-08
0,13,405.116394,7e-08
0,14,471.331329,7e-08
0,15,178.571686,8e-08
0,16,490.060822,8e-08
0,17,464.466156,9e-08
0,18,498.704468,9e-08
0,19,328.45639,1e-07
0,20,332.338776,1e-07
0,21,285.77179,1.1e-07
0,22,158.067688,1.1e-07
0,23,243.787979,1.2e-07
0,24,391.40683,1.2e-07
0,25,552.335327,1.3e-07
0,26,567.898743,1.3e-07
0,27,142.609238,1.4e-07
0,28,219.940704,1.4e-07
0,29,426.094543,1.5e-07
0,30,397.471954,1.5e-07
0,31,350.210175,1.6e-07
0,32,358.739594,1.6e-07
0,33,240.747009,1.7e-07
0,34,237.155975,1.7e-07
0,35,352.654053,1.8e-07
0,36,451.073669,1.8e-07
0,37,257.338501,1.9e-07
0,38,159.87352,1.9e-07
0,39,364.728516,2e-07
0,40,343.145599,2e-07
0,41,416.637817,2.1e-07
0,42,367.619507,2.1e-07
0,43,404.469696,2.2e-07
0,44,290.332428,2.2e-07
0,45,595.310852,2.3e-07
0,46,486.025452,2.3e-07
0,47,373.708954,2.4e-07
0,48,215.496979,2.4e-07
0,49,159.904678,2.5e-07
0,50,446.581116,2.5e-07
0,51,480.683777,2.6e-07
0,52,262.220764,2.6e-07
0,53,118.275009,2.7e-07
0,54,335.089691,2.7e-07
0,55,394.771912,2.8e-07
0,56,204.100494,2.8e-07
0,57,543.072693,2.9e-07
0,58,225.761871,2.9e-07
0,59,272.336823,3e-07
0,60,215.702179,3e-07
0,61,230.255951,3.1e-07
0,62,339.911407,3.1e-07
0,63,99.729057,3.2e-07
0,64,253.058624,3.2e-07
0,65,175.301208,3.3e-07
0,66,309.382874,3.3e-07
0,67,172.723053,3.4e-07
0,68,374.172424,3.4e-07
0,69,260.874237,3.5e-07
0,70,521.055542,3.5e-07
0,71,224.436096,3.6e-07
0,72,376.328278,3.6e-07
0,73,411.176636,3.7e-07
0,74,576.814514,3.7e-07
0,75,242.993088,3.8e-07
0,76,178.569305,3.8e-07
0,77,214.982651,3.9e-07
0,78,339.495178,3.9e-07
0,79,286.59137,4e-07
0,80,319.510895,4e-07
0,81,334.636871,4.1e-07
0,82,180.233871,4.1e-07
0,83,278.325043,4.2e-07
0,84,339.432312,4.2e-07
0,85,238.001465,4.3e-07
0,86,402.649902,4.3e-07
0,87,164.075165,4.4e-07
0,88,341.009552,4.4e-07
0,89,259.226959,4.5e-07
0,90,312.508148,4.5e-07
0,91,155.751221,4.6e-07
0,92,522.953735,4.6e-07
0,93,245.774002,4.7e-07
0,94,317.958984,4.7e-07
0,95,478.071198,4.8e-07
0,96,163.331116,4.8e-07
0,97,499.508698,4.9e-07
0,98,292.240479,4.9e-07
0,99,462.346771,5e-07
0,100,186.208069,5e-07
0,101,271.312103,5.1e-07
0,102,139.064575,5.1e-07
0,103,515.860168,5.2e-07
0,104,293.616699,5.2e-07
0,105,184.683197,5.3e-07
0,106,352.126953,5.3e-07
0,107,219.052795,5.4e-07
0,108,318.242371,5.4e-07
0,109,479.674896,5.5e-07
0,110,248.104309,5.5e-07
0,111,165.320221,5.6e-07
0,112,375.898529,5.6e-07
0,113,354.280579,5.7e-07
0,114,445.180237,5.7e-07
0,115,123.901581,5.8e-07
0,116,641.163452,5.8e-07
0,117,339.067596,5.9e-07
0,118,222.225327,5.9e-07
0,119,188.23381,6e-07
0,120,231.142151,6e-07
0,121,349.096008,6.1e-07
0,122,426.392914,6.1e-07
0,123,678.834656,6.2e-07
0,124,503.847992,6.2e-07
0,125,293.22171,6.3e-07
0,126,103.225235,6.3e-07
0,127,295.8927,6.4e-07
0,128,354.3284,6.4e-07
0,129,246.274628,6.5e-07
0,130,197.602173,6.5e-07
0,131,215.899582,6.6e-07
0,132,1376.776367,6.6e-07
0,133,451.257935,6.7e-07
0,134,457.86853,6.7e-07
0,135,205.371521,6.8e-07
0,136,408.896057,6.8e-07
0,137,281.747467,6.9e-07
0,138,258.88858,6.9e-07
0,139,281.158112,7e-07
0,140,293.426849,7e-07
0,141,257.578949,7.1e-07
0,142,442.800629,7.1e-07
0,143,635.86615,7.2e-07
0,144,226.868408,7.2e-07
0,145,172.05722,7.3e-07
0,146,163.824081,7.3e-07
0,147,177.288818,7.4e-07
0,148,726.758911,7.4e-07
0,149,264.780914,7.5e-07
0,150,479.981689,7.5e-07
0,151,134.177734,7.6e-07
0,152,305.855499,7.6e-07
0,153,207.839371,7.7e-07
0,154,471.894043,7.7e-07
0,155,412.654358,7.8e-07
0,156,138.560944,7.8e-07
0,157,214.190933,7.9e-07
0,158,218.519318,7.9e-07
0,159,174.718155,8e-07
0,160,412.02301,8e-07
0,161,180.989532,8.1e-07
0,162,247.520081,8.1e-07
0,163,340.849976,8.2e-07
0,164,606.617493,8.2e-07
0,165,303.515625,8.3e-07
0,166,312.047363,8.3e-07
0,167,332.023315,8.4e-07
0,168,211.838196,8.4e-07
0,169,541.263367,8.5e-07
0,170,126.818283,8.5e-07
0,171,527.381836,8.6e-07
0,172,139.33403,8.6e-07
0,173,438.242737,8.7e-07
0,174,228.017883,8.7e-07
0,175,172.629074,8.8e-07
0,176,500.892639,8.8e-07
0,177,447.905182,8.9e-07
0,178,614.245605,8.9e-07
0,179,384.703003,9e-07
0,180,273.700256,9e-07
0,181,323.488312,9.1e-07
0,182,1368.233032,9.1e-07
0,183,170.257492,9.2e-07
0,184,321.18927,9.2e-07
0,185,458.386169,9.3e-07
0,186,372.746368,9.3e-07
0,187,285.708191,9.4e-07
0,188,325.43454,9.4e-07
0,189,214.286728,9.5e-07
0,190,187.595718,9.5e-07
0,191,582.659973,9.6e-07
0,192,183.174301,9.6e-07
0,193,152.806625,9.7e-07
0,194,246.604568,9.7e-07
0,195,254.49263,9.8e-07
0,196,184.723129,9.8e-07
0,197,510.542419,9.9e-07
0,198,360.423492,9.9e-07
0,199,747.105835,1e-06
0,200,372.069794,1e-06
0,201,452.600616,1.01e-06
0,202,466.687836,1.01e-06
0,203,208.575134,1.02e-06
0,204,284.422668,1.02e-06
0,205,253.140976,1.03e-06
0,206,251.836426,1.03e-06
0,207,186.174774,1.04e-06
0,208,334.149475,1.04e-06
0,209,486.299133,1.05e-06
0,210,179.565048,1.05e-06
0,211,818.89917,1.06e-06
0,212,211.088409,1.06e-06
0,213,197.714996,1.07e-06
0,214,398.671204,1.07e-06
0,215,411.769318,1.08e-06
0,216,257.701935,1.08e-06
0,217,573.745667,1.09e-06
0,218,291.741669,1.09e-06
0,219,253.773926,1.1e-06
0,220,389.99707,1.1e-06
0,221,453.551117,1.11e-06
0,222,354.420105,1.11e-06
0,223,258.781738,1.12e-06
0,224,262.086243,1.12e-06
0,225,217.268677,1.13e-06
0,226,365.506897,1.13e-06
0,227,557.362061,1.14e-06
0,228,352.155762,1.14e-06
0,229,546.501404,1.15e-06
0,230,192.895645,1.15e-06
0,231,392.30249,1.16e-06
0,232,171.399567,1.16e-06
0,233,128.546188,1.17e-06
0,234,355.041931,1.17e-06
0,235,201.674759,1.18e-06
0,236,246.873993,1.18e-06
0,237,427.855103,1.19e-06
0,238,220.339874,1.19e-06
0,239,579.434265,1.2e-06
0,240,466.644196,1.2e-06
0,241,305.656464,1.21e-06
0,242,269.6745,1.21e-06
0,243,247.312897,1.22e-06
0,244,108.528877,1.22e-06
0,245,234.959229,1.23e-06
0,246,183.406448,1.23e-06
0,247,186.527557,1.24e-06
0,248,258.644226,1.24e-06
0,249,176.003967,1.25e-06
0,250,162.033966,1.25e-06
0,251,166.512146,1.26e-06
0,252,143.267136,1.26e-06
0,253,619.199463,1.27e-06
0,254,182.570496,1.27e-06
0,255,286.490997,1.28e-06
0,256,230.447784,1.28e-06
0,257,1784.036255,1.29e-06
0,258,356.506348,1.29e-06
0,259,356.266205,1.3e-06
0,260,172.127563,1.3e-06
0,261,207.10202,1.31e-06
0,262,438.758698,1.31e-06
0,263,518.588257,1.32e-06
0,264,196.765579,1.32e-06
0,265,249.330399,1.33e-06
0,266,350.562775,1.33e-06
0,267,208.96701,1.34e-06
0,268,498.142029,1.34e-06
0,269,442.194916,1.35e-06
0,270,211.106964,1.35e-06
0,271,221.943375,1.36e-06
0,272,405.874725,1.36e-06
0,273,292.289612,1.37e-06
0,274,162.308304,1.37e-06
0,275,433.415588,1.38e-06
0,276,195.036972,1.38e-06
0,277,782.04364,1.39e-06
0,278,289.524994,1.39e-06
0,279,347.31488,1.4e-06
0,280,295.252228,1.4e-06
0,281,328.039062,1.41e-06
0,282,496.986938,1.41e-06
0,283,211.131042,1.42e-06
0,284,292.433411,1.42e-06
0,285,201.937668,1.43e-06
0,286,452.380371,1.43e-06
0,287,371.050018,1.44e-06
0,288,273.544922,1.44e-06
0,289,325.541321,1.45e-06
0,290,348.421936,1.45e-06
0,291,458.459534,1.46e-06
0,292,132.635651,1.46e-06
0,293,417.772552,1.47e-06
0,294,305.71167,1.47e-06
0,295,171.653427,1.48e-06
0,296,238.407089,1.48e-06
0,297,213.480377,1.49e-06
0,298,283.132324,1.49e-06
0,299,313.942566,1.5e-06
0,300,358.153015,1.5e-06
0,301,233.154205,1.51e-06
0,302,306.698914,1.51e-06
0,303,102.265625,1.52e-06
0,304,267.633118,1.52e-06
0,305,169.60437,1.53e-06
0,306,177.478989,1.53e-06
0,307,319.098755,1.54e-06
0,308,339.21106,1.54e-06
0,309,192.888229,1.55e-06
0,310,217.343628,1.55e-06
0,311,137.820068,1.56e-06
0,312,178.514618,1.56e-06
0,313,320.655151,1.57e-06
0,314,152.047241,1.57e-06
0,315,272.778137,1.58e-06
0,316,313.40863,1.58e-06
0,317,280.278992,1.59e-06
0,318,253.055817,1.59e-06
0,319,234.309021,1.6e-06
0,320,653.05249,1.6e-06
0,321,387.016602,1.61e-06
0,322,147.030029,1.61e-06
0,323,153.896988,1.62e-06
0,324,94.055557,1.62e-06
0,325,320.158478,1.63e-06
0,326,91.8731,1.63e-06
0,327,206.011948,1.64e-06
0,328,460.756317,1.64e-06
0,329,255.802628,1.65e-06
0,330,282.57373,1.65e-06
0,331,183.48851,1.66e-06
0,332,364.790833,1.66e-06
0,333,429.912384,1.67e-06
0,334,478.490112,1.67e-06
0,335,204.372406,1.68e-06
0,336,267.642487,1.68e-06
0,337,302.335022,1.69e-06
0,338,292.163635,1.69e-06
0,339,285.901062,1.7e-06
0,340,379.583771,1.7e-06
0,341,266.037781,1.71e-06
0,342,283.463043,1.71e-06
0,343,196.709869,1.72e-06
0,344,220.5298,1.72e-06
0,345,272.626068,1.73e-06
0,346,193.016495,1.73e-06
0,347,195.974594,1.74e-06
0,348,340.894104,1.74e-06
0,349,304.66745,1.75e-06
0,350,853.735291,1.75e-06
0,351,476.413391,1.76e-06
0,352,238.252609,1.76e-06
0,353,220.286957,1.77e-06
0,354,181.167633,1.77e-06
0,355,147.33374,1.78e-06
0,356,102.038727,1.78e-06
0,357,172.135483,1.79e-06
0,358,222.897858,1.79e-06
0,359,292.925812,1.8e-06
0,360,168.623795,1.8e-06
0,361,228.580429,1.81e-06
0,362,513.00946,1.81e-06
0,363,338.978485,1.82e-06
0,364,354.44986,1.82e-06
0,365,263.501251,1.83e-06
0,366,362.929077,1.83e-06
0,367,215.192947,1.84e-06
0,368,329.822083,1.84e-06
0,369,212.516098,1.85e-06
0,370,302.579773,1.85e-06
0,371,170.531601,1.86e-06
0,372,373.857727,1.86e-06
0,373,314.777893,1.87e-06
0,374,305.884705,1.87e-06
0,375,392.965363,1.88e-06
0,376,314.361877,1.88e-06
0,377,161.279816,1.89e-06
0,378,335.569794,1.89e-06
0,379,483.244568,1.9e-06
0,380,419.510406,1.9e-06
0,381,491.289642,1.91e-06
0,382,314.809875,1.91e-06
0,383,188.241165,1.92e-06
0,384,118.38562,1.92e-06
0,385,210.215393,1.93e-06
0,386,310.206207,1.93e-06
0,387,310.955475,1.94e-06
0,388,448.149811,1.94e-06
0,389,186.93573,1.95e-06
0,390,301.332642,1.95e-06
0,391,217.462631,1.96e-06
0,392,261.075562,1.96e-06
0,393,282.753204,1.97e-06
0,394,464.032715,1.97e-06
0,395,197.018616,1.98e-06
0,396,169.487427,1.98e-06
0,397,359.043732,1.99e-06
0,398,311.763794,1.99e-06
0,399,172.256683,2e-06
0,400,260.855072,2e-06
0,401,331.150177,2.01e-06
0,402,270.770508,2.01e-06
0,403,401.360046,2.02e-06
0,404,387.924255,2.02e-06
0,405,161.361633,2.03e-06
0,406,211.096146,2.03e-06
0,407,177.780243,2.04e-06
0,408,129.195831,2.04e-06
0,409,114.72245,2.05e-06
0,410,477.43866,2.05e-06
0,411,308.125,2.06e-06
0,412,307.853943,2.06e-06
0,413,248.78212,2.07e-06
0,414,124.949707,2.07e-06
0,415,401.485565,2.08e-06
0,416,255.385101,2.08e-06
0,417,149.24762,2.09e-06
0,418,187.414215,2.09e-06
0,419,249.655106,2.1e-06
0,420,332.027222,2.1e-06
0,421,211.777573,2.11e-06
0,422,282.744293,2.11e-06
0,423,211.179993,2.12e-06
0,424,247.862869,2.12e-06
0,425,357.820496,2.13e-06
0,426,506.57663,2.13e-06
0,427,315.453613,2.14e-06
0,428,144.282547,2.14e-06
0,429,539.300537,2.15e-06
0,430,242.778961,2.15e-06
0,431,368.696198,2.16e-06
0,432,114.091713,2.16e-06
0,433,392.676361,2.17e-06
0,434,288.797455,2.17e-06
0,435,327.760193,2.18e-06
0,436,213.79274,2.18e-06
0,437,437.215912,2.19e-06
0,438,292.239197,2.19e-06
0,439,147.830399,2.2e-06
0,440,552.98175,2.2e-06
0,441,228.456482,2.21e-06
0,442,200.477463,2.21e-06
0,443,133.406693,2.22e-06
0,444,166.472412,2.22e-06
0,445,286.289825,2.23e-06
0,446,191.110001,2.23e-06
0,447,250.249207,2.24e-06
0,448,419.304871,2.24e-06
0,449,366.330383,2.25e-06
0,450,159.427292,2.25e-06
0,451,229.149811,2.26e-06
0,452,139.620605,2.26e-06
0,453,337.625031,2.27e-06
0,454,295.841461,2.27e-06
0,455,142.818359,2.28e-06
0,456,409.075928,2.28e-06
0,457,394.122864,2.29e-06
0,458,232.796677,2.29e-06
0,459,177.418579,2.3e-06
0,460,195.174469,2.3e-06
0,461,461.828369,2.31e-06
0,462,207.531982,2.31e-06
0,463,257.164551,2.32e-06
0,464,219.731888,2.32e-06
0,465,167.425308,2.33e-06
0,466,157.039551,2.33e-06
0,467,394.452545,2.34e-06
0,468,265.341156,2.34e-06
0,469,150.663666,2.35e-06
0,470,327.99295,2.35e-06
0,471,205.506882,2.36e-06
0,472,96.792915,2.36e-06
0,473,132.022903,2.37e-06
0,474,547.662476,2.37e-06
0,475,221.089859,2.38e-06
0,476,415.410553,2.38e-06
0,477,236.078918,2.39e-06
0,478,237.62381,2.39e-06
0,479,203.914627,2.4e-06
0,480,422.30957,2.4e-06
0,481,306.212067,2.41e-06
0,482,278.593262,2.41e-06
0,483,217.831696,2.42e-06
0,484,354.841766,2.42e-06
0,485,357.938812,2.43e-06
0,486,74.258957,2.43e-06
0,487,435.527405,2.44e-06
0,488,151.19751,2.44e-06
0,489,251.043869,2.45e-06
0,490,525.584839,2.45e-06
0,491,195.718796,2.46e-06
0,492,299.725403,2.46e-06
0,493,349.090332,2.47e-06
0,494,349.850159,2.47e-06
0,495,318.057434,2.48e-06
0,496,94.261627,2.48e-06
0,497,236.547897,2.49e-06
0,498,452.363831,2.49e-06
0,499,408.109497,2.5e-06
0,500,379.8797,2.5e-06
0,501,173.395584,2.51e-06
0,502,212.671722,2.51e-06
0,503,111.674057,2.52e-06
0,504,139.893845,2.52e-06
0,505,167.398041,2.53e-06
0,506,91.703552,2.53e-06
0,507,158.883987,2.54e-06
0,508,126.94014,2.54e-06
0,509,435.676239,2.55e-06
0,510,234.977844,2.55e-06
0,511,152.058884,2.56e-06
0,512,154.798859,2.56e-06
0,513,268.974243,2.57e-06
0,514,234.36673,2.57e-06
0,515,289.299347,2.58e-06
0,516,119.154243,2.58e-06
0,517,295.889465,2.59e-06
0,518,473.253967,2.59e-06
0,519,233.863831,2.6e-06
0,520,238.787781,2.6e-06
0,521,169.029419,2.61e-06
0,522,473.765839,2.61e-06
0,523,320.666992,2.62e-06
0,524,157.011841,2.62e-06
0,525,277.480621,2.63e-06
0,526,237.873657,2.63e-06
0,527,285.452362,2.64e-06
0,528,195.729568,2.64e-06
0,529,196.112656,2.65e-06
0,530,195.770142,2.65e-06
0,531,98.426735,2.66e-06
0,532,231.45668,2.66e-06
0,533,234.540207,2.67e-06
0,534,102.258537,2.67e-06
0,535,197.884796,2.68e-06
0,536,243.54837,2.68e-06
0,537,169.165741,2.69e-06
0,538,153.665009,2.69e-06
0,539,168.844925,2.7e-06
0,540,276.752594,2.7e-06
0,541,105.402206,2.71e-06
0,542,218.138794,2.71e-06
0,543,118.795586,2.72e-06
0,544,92.555916,2.72e-06
0,545,223.296509,2.73e-06
0,546,235.971588,2.73e-06
0,547,189.667023,2.74e-06
0,548,95.104683,2.74e-06
0,549,164.798813,2.75e-06
0,550,249.370209,2.75e-06
0,551,358.605835,2.76e-06
0,552,151.374512,2.76e-06
0,553,282.88205,2.77e-06
0,554,123.104141,2.77e-06
0,555,148.100754,2.78e-06
0,556,348.358398,2.78e-06
0,557,433.510773,2.79e-06
0,558,379.300446,2.79e-06
0,559,152.946793,2.8e-06
0,560,132.402298,2.8e-06
0,561,259.516235,2.81e-06
0,562,342.406189,2.81e-06
0,563,171.287689,2.82e-06
0,564,327.060913,2.82e-06
0,565,336.075562,2.83e-06
0,566,367.518127,2.83e-06
0,567,207.236176,2.84e-06
0,568,199.775787,2.84e-06
0,569,173.221756,2.85e-06
0,570,193.723068,2.85e-06
0,571,290.12851,2.86e-06
0,572,488.324829,2.86e-06
0,573,154.036331,2.87e-06
0,574,138.324539,2.87e-06
0,575,548.501099,2.88e-06
0,576,190.827316,2.88e-06
0,577,134.221405,2.89e-06
0,578,130.941772,2.89e-06
0,579,181.908157,2.9e-06
0,580,343.574585,2.9e-06
0,581,84.609543,2.91e-06
0,582,336.42868,2.91e-06
0,583,396.141418,2.92e-06
0,584,115.842278,2.92e-06
0,585,129.809082,2.93e-06
0,586,229.813339,2.93e-06
0,587,127.487587,2.94e-06
0,588,190.37442,2.94e-06
0,589,192.950943,2.95e-06
0,590,184.438782,2.95e-06
0,591,291.730133,2.96e-06
0,592,97.261581,2.96e-06
0,593,371.358643,2.97e-06
0,594,446.39679,2.97e-06
0,595,190.276733,2.98e-06
0,596,289.208557,2.98e-06
0,597,159.32283,2.99e-06
0,598,225.082184,2.99e-06
0,599,234.829132,3e-06
0,600,83.575684,3e-06
0,601,172.491043,3.01e-06
0,602,192.313187,3.01e-06
0,603,256.277374,3.02e-06
0,604,329.081757,3.02e-06
0,605,257.443817,3.03e-06
0,606,248.467346,3.03e-06
0,607,378.25473,3.04e-06
0,608,280.014099,3.04e-06
0,609,93.613197,3.05e-06
0,610,182.925705,3.05e-06
0,611,415.017029,3.06e-06
0,612,153.028168,3.06e-06
0,613,388.28714,3.07e-06
0,614,115.887856,3.07e-06
0,615,427.131165,3.08e-06
0,616,331.687439,3.08e-06
0,617,85.027878,3.09e-06
0,618,338.790649,3.09e-06
0,619,202.354172,3.1e-06
0,620,386.876312,3.1e-06
0,621,111.282471,3.11e-06
0,622,300.718414,3.11e-06
0,623,329.537109,3.12e-06
0,624,193.374298,3.12e-06
0,625,200.49147,3.13e-06
0,626,414.35318,3.13e-06
0,627,160.453491,3.14e-06
0,628,179.608414,3.14e-06
0,629,222.912094,3.15e-06
0,630,150.934967,3.15e-06
0,631,193.661621,3.16e-06
0,632,149.020203,3.16e-06
0,633,117.976135,3.17e-06
0,634,134.446533,3.17e-06
0,635,136.12851,3.18e-06
0,636,145.488464,3.18e-06
0,637,156.750687,3.19e-06
0,638,205.96312,3.19e-06
0,639,243.007462,3.2e-06
0,640,191.195297,3.2e-06
0,641,128.220718,3.21e-06
0,642,246.305511,3.21e-06
0,643,156.764771,3.22e-06
0,644,142.382401,3.22e-06
0,645,346.854645,3.23e-06
0,646,304.861572,3.23e-06
0,647,157.012268,3.24e-06
0,648,123.927933,3.24e-06
0,649,163.540588,3.25e-06
0,650,100.759796,3.25e-06
0,651,215.255905,3.26e-06
0,652,208.345612,3.26e-06
0,653,134.924454,3.27e-06
0,654,130.684601,3.27e-06
0,655,142.034805,3.28e-06
0,656,248.157013,3.28e-06
0,657,261.181488,3.29e-06
0,658,311.268127,3.29e-06
0,659,170.292969,3.3e-06
0,660,187.742355,3.3e-06
0,661,188.54689,3.31e-06
0,662,288.16391,3.31e-06
0,663,90.855026,3.32e-06
0,664,402.508942,3.32e-06
0,665,257.322632,3.33e-06
0,666,154.475281,3.33e-06
0,667,134.945786,3.34e-06
0,668,274.332153,3.34e-06
0,669,160.586197,3.35e-06
0,670,173.932205,3.35e-06
0,671,201.825333,3.36e-06
0,672,176.255524,3.36e-06
0,673,205.157593,3.37e-06
0,674,266.218079,3.37e-06
0,675,112.803314,3.38e-06
0,676,160.52005,3.38e-06
0,677,163.112961,3.39e-06
0,678,225.870483,3.39e-06
0,679,190.891434,3.4e-06
0,680,453.311646,3.4e-06
0,681,165.329681,3.41e-06
0,682,172.978119,3.41e-06
0,683,101.349182,3.42e-06
0,684,131.873291,3.42e-06
0,685,224.30423,3.43e-06
0,686,431.19397,3.43e-06
0,687,252.511765,3.44e-06
0,688,378.695618,3.44e-06
0,689,273.730835,3.45e-06
0,690,131.082352,3.45e-06
0,691,396.113892,3.46e-06
0,692,397.758423,3.46e-06
0,693,173.365265,3.47e-06
0,694,184.040573,3.47e-06
0,695,233.768402,3.48e-06
0,696,237.790237,3.48e-06
0,697,191.597092,3.49e-06
0,698,117.206772,3.49e-06
0,699,78.141556,3.5e-06
0,700,81.556931,3.5e-06
0,701,366.425201,3.51e-06
0,702,156.509247,3.51e-06
0,703,87.911316,3.52e-06
0,704,286.508759,3.52e-06
0,705,401.414459,3.53e-06
0,706,173.694092,3.53e-06
0,707,155.628754,3.54e-06
0,708,110.794968,3.54e-06
0,709,177.58252,3.55e-06
0,710,226.84079,3.55e-06
0,711,241.143631,3.56e-06
0,712,97.005188,3.56e-06
0,713,112.457443,3.57e-06
0,714,283.371277,3.57e-06
0,715,180.362808,3.58e-06
0,716,390.377533,3.58e-06
0,717,218.492599,3.59e-06
0,718,148.192062,3.59e-06
0,719,224.446671,3.6e-06
0,720,88.715469,3.6e-06
0,721,107.512344,3.61e-06
0,722,69.691971,3.61e-06
0,723,164.997375,3.62e-06
0,724,182.292435,3.62e-06
0,725,333.566162,3.63e-06
0,726,173.232666,3.63e-06
0,727,184.002335,3.64e-06
0,728,313.50119,3.64e-06
0,729,256.845398,3.65e-06
0,730,307.093201,3.65e-06
0,731,146.183197,3.66e-06
0,732,91.056747,3.66e-06
0,733,252.343369,3.67e-06
0,734,133.894394,3.67e-06
0,735,189.711685,3.68e-06
0,736,144.411316,3.68e-06
0,737,255.033936,3.69e-06
0,738,83.285118,3.69e-06
0,739,137.603882,3.7e-06
0,740,298.114899,3.7e-06
0,741,109.220978,3.71e-06
0,742,231.113358,3.71e-06
0,743,284.71051,3.72e-06
0,744,281.763153,3.72e-06
0,745,268.698578,3.73e-06
0,746,227.679749,3.73e-06
0,747,94.622086,3.74e-06
0,748,107.827446,3.74e-06
0,749,75.026794,3.75e-06
0,750,240.423431,3.75e-06
0,751,102.040108,3.76e-06
0,752,129.756027,3.76e-06
0,753,210.874191,3.77e-06
0,754,120.094101,3.77e-06
0,755,182.849152,3.78e-06
0,756,159.195465,3.78e-06
0,757,135.886505,3.79e-06
0,758,150.004822,3.79e-06
0,759,335.727295,3.8e-06
0,760,248.443192,3.8e-06
0,761,177.256073,3.81e-06
0,762,181.586639,3.81e-06
0,763,297.187317,3.82e-06
0,764,174.951096,3.82e-06
0,765,104.974159,3.83e-06
0,766,78.730835,3.83e-06
0,767,130.033508,3.84e-06
0,768,288.897888,3.84e-06
0,769,275.988647,3.85e-06
0,770,168.234756,3.85e-06
0,771,73.113266,3.86e-06
0,772,193.338547,3.86e-06
0,773,218.838943,3.87e-06
0,774,216.393661,3.87e-06
0,775,135.275253,3.88e-06
0,776,92.109947,3.88e-06
0,777,160.016281,3.89e-06
0,778,143.038956,3.89e-06
0,779,98.381821,3.9e-06
0,780,159.556442,3.9e-06
0,781,80.820923,3.91e-06
0,782,200.33432,3.91e-06
0,783,98.200783,3.92e-06
0,784,317.612518,3.92e-06
0,785,175.15213,3.93e-06
0,786,137.649857,3.93e-06
0,787,175.787704,3.94e-06
0,788,123.692955,3.94e-06
0,789,145.485931,3.95e-06
0,790,194.753693,3.95e-06
0,791,135.930984,3.96e-06
0,792,85.240723,3.96e-06
0,793,127.517029,3.97e-06
0,794,179.769867,3.97e-06
0,795,192.17215,3.98e-06
0,796,114.719658,3.98e-06
0,797,177.884476,3.99e-06
0,798,227.921295,3.99e-06
0,799,94.273987,4e-06
0,800,243.34317,4e-06
0,801,155.729523,4.01e-06
0,802,118.637383,4.01e-06
0,803,153.678879,4.02e-06
0,804,147.028519,4.02e-06
0,805,198.76329,4.03e-06
0,806,257.101807,4.03e-06
0,807,222.704773,4.04e-06
0,808,196.239288,4.04e-06
0,809,77.104515,4.05e-06
0,810,137.335114,4.05e-06
0,811,90.813354,4.06e-06
0,812,114.465698,4.06e-06
0,813,171.268707,4.07e-06
0,814,239.869019,4.07e-06
0,815,83.095276,4.08e-06
0,816,113.841164,4.08e-06
0,817,132.930176,4.09e-06
0,818,122.839539,4.09e-06
0,819,232.625137,4.1e-06
0,820,91.069923,4.1e-06
0,821,80.990959,4.11e-06
1,0,155.627716,4.11e-06
1,1,220.889877,4.12e-06
1,2,213.094833,4.12e-06
1,3,144.523407,4.13e-06
1,4,145.581558,4.13e-06
1,5,147.125061,4.14e-06
1,6,141.574905,4.14e-06
1,7,152.133957,4.15e-06
1,8,88.002327,4.15e-06
1,9,358.286682,4.16e-06
1,10,97.248314,4.16e-06
1,11,143.482162,4.17e-06
1,12,115.327621,4.17e-06
1,13,157.434677,4.18e-06
1,14,85.223534,4.18e-06
1,15,163.378479,4.19e-06
1,16,108.91256,4.19e-06
1,17,239.15892,4.2e-06
1,18,173.982391,4.2e-06
1,19,91.06588,4.21e-06
1,20,119.294189,4.21e-06
1,21,194.403381,4.22e-06
1,22,189.436554,4.22e-06
1,23,121.134903,4.23e-06
1,24,80.666931,4.23e-06
1,25,138.710098,4.24e-06
1,26,156.347549,4.24e-06
1,27,84.365593,4.25e-06
1,28,154.822906,4.25e-06
1,29,67.441261,4.26e-06
1,30,191.079086,4.26e-06
1,31,123.855438,4.27e-06
1,32,138.410034,4.27e-06
1,33,125.877892,4.28e-06
1,34,85.364662,4.28e-06
1,35,168.194977,4.29e-06
1,36,80.552132,4.29e-06
1,37,118.943268,4.3e-06
1,38,181.874985,4.3e-06
1,39,218.753296,4.31e-06
1,40,243.458435,4.31e-06
1,41,155.699799,4.32e-06
1,42,157.333862,4.32e-06
1,43,178.687164,4.33e-06
1,44,127.757324,4.33e-06
1,45,92.404152,4.34e-06
1,46,173.067368,4.34e-06
1,47,140.05777,4.35e-06
1,48,133.601349,4.35e-06
1,49,75.420044,4.36e-06
1,50,128.670654,4.36e-06
1,51,101.239258,4.37e-06
1,52,269.867798,4.37e-06
1,53,131.690659,4.38e-06
1,54,134.783081,4.38e-06
1,55,295.206116,4.39e-06
1,56,302.072357,4.39e-06
1,57,217.924622,4.4e-06
1,58,84.739586,4.4e-06
1,59,70.498901,4.41e-06
1,60,206.671921,4.41e-06
1,61,86.997742,4.42e-06
1,62,132.406845,4.42e-06
1,63,169.307358,4.43e-06
1,64,219.506149,4.43e-06
1,65,255.175735,4.44e-06
1,66,122.444939,4.44e-06
1,67,221.240402,4.45e-06
1,68,101.037109,4.45e-06
1,69,173.179871,4.46e-06
1,70,91.907951,4.46e-06
1,71,240.016083,4.47e-06
1,72,76.160019,4.47e-06
1,73,95.705505,4.48e-06
1,74,207.455765,4.48e-06
1,75,176.145584,4.49e-06
1,76,186.114426,4.49e-06
1,77,61.448204,4.5e-06
1,78,231.931458,4.5e-06
1,79,115.533928,4.51e-06
1,80,181.507904,4.51e-06
1,81,99.801262,4.52e-06
1,82,119.284233,4.52e-06
1,83,79.899902,4.53e-06
1,84,142.102173,4.53e-06
1,85,160.574005,4.54e-06
1,86,145.429382,4.54e-06
1,87,91.704315,4.55e-06
1,88,174.421753,4.55e-06
1,89,217.65036,4.56e-06
1,90,141.271301,4.56e-06
1,91,154.415024,4.57e-06
1,92,89.971886,4.57e-06
1,93,109.735939,4.58e-06
1,94,114.603447,4.58e-06
1,95,176.124313,4.59e-06
1,96,215.167175,4.59e-06
1,97,65.190369,4.6e-06
1,98,107.478943,4.6e-06
1,99,79.709991,4.61e-06
1,100,135.021957,4.61e-06
1,101,194.60463,4.62e-06
1,102,75.352585,4.62e-06
1,103,221.309799,4.63e-06
1,104,85.137901,4.63e-06
1,105,136.915024,4.64e-06
1,106,132.158325,4.64e-06
1,107,131.007782,4.65e-06
1,108,87.203011,4.65e-06
1,109,86.35862,4.66e-06
1,110,82.138,4.66e-06
1,111,269.715973,4.67e-06
1,112,103.446129,4.67e-06
1,113,194.112,4.68e-06
1,114,143.676849,4.68e-06
1,115,112.907448,4.69e-06
1,116,94.677185,4.69e-06
1,117,90.402458,4.7e-06
1,118,83.452209,4.7e-06
1,119,60.791622,4.71e-06
1,120,162.679382,4.71e-06
1,121,165.974823,4.72e-06
1,122,249.885666,4.72e-06
1,123,72.144104,4.73e-06
1,124,55.581139,4.73e-06
1,125,174.583389,4.74e-06
1,126,129.815765,4.74e-06
1,127,132.340744,4.75e-06
1,128,102.126411,4.75e-06
1,129,106.805984,4.76e-06
1,130,203.572479,4.76e-06
1,131,145.186401,4.77e-06
1,132,168.845215,4.77e-06
1,133,124.463303,4.78e-06
1,134,101.362862,4.78e-06
1,135,249.723053,4.79e-06
1,136,330.762268,4.79e-06
1,137,142.054138,4.8e-06
1,138,93.598846,4.8e-06
1,139,110.075584,4.81e-06
1,140,134.819809,4.81e-06
1,141,94.221481,4.82e-06
1,142,87.36628,4.82e-06
1,143,99.2015,4.83e-06
1,144,68.25621,4.83e-06
1,145,106.63707,4.84e-06
1,146,66.301689,4.84e-06
1,147,129.478775,4.85e-06
1,148,208.102661,4.85e-06
1,149,145.541885,4.86e-06
1,150,213.034836,4.86e-06
1,151,80.839661,4.87e-06
1,152,172.384491,4.87e-06
1,153,139.657578,4.88e-06
1,154,94.682129,4.88e-06
1,155,105.359482,4.89e-06
1,156,115.713722,4.89e-06
1,157,86.063919,4.9e-06
1,158,111.238297,4.9e-06
1,159,237.31076,4.91e-06
1,160,77.289383,4.91e-06
1,161,237.910568,4.92e-06
1,162,67.231194,4.92e-06
1,163,125.213943,4.93e-06
1,164,94.272392,4.93e-06
1,165,93.133118,4.94e-06
1,166,189.794861,4.94e-06
1,167,89.537827,4.95e-06
1,168,146.393768,4.95e-06
1,169,137.87738,4.96e-06
1,170,135.817719,4.96e-06
1,171,81.839783,4.97e-06
1,172,63.76202,4.97e-06
1,173,42.08984,4.98e-06
1,174,196.360214,4.98e-06
1,175,62.621895,4.99e-06
1,176,94.763924,4.99e-06
1,177,133.288498,5e-06
1,178,140.202927,5e-06
1,179,113.617348,5.01e-06
1,180,78.667274,5.01e-06
1,181,94.677811,5.02e-06
1,182,133.893372,5.02e-06
1,183,128.310013,5.03e-06
1,184,128.980347,5.03e-06
1,185,99.312073,5.04e-06
1,186,82.685272,5.04e-06
1,187,208.368591,5.05e-06
1,188,102.978241,5.05e-06
1,189,203.001633,5.06e-06
1,190,106.733185,5.06e-06
1,191,166.309265,5.07e-06
1,192,159.164307,5.07e-06
1,193,146.405029,5.08e-06
1,194,148.269958,5.08e-06
1,195,84.221794,5.09e-06
1,196,83.457985,5.09e-06
1,197,69.303299,5.1e-06
1,198,113.167183,5.1e-06
1,199,111.123383,5.11e-06
1,200,52.787056,5.11e-06
1,201,84.021843,5.12e-06
1,202,164.44574,5.12e-06
1,203,95.093056,5.13e-06
1,204,68.801819,5.13e-06
1,205,55.322838,5.14e-06
1,206,167.343689,5.14e-06
1,207,55.080032,5.15e-06
1,208,158.226212,5.15e-06
1,209,104.422112,5.16e-06
1,210,144.937714,5.16e-06
1,211,117.754036,5.17e-06
1,212,60.809597,5.17e-06
1,213,207.602859,5.18e-06
1,214,65.952759,5.18e-06
1,215,84.035088,5.19e-06
1,216,93.736702,5.19e-06
1,217,132.389084,5.2e-06
1,218,89.848251,5.2e-06
1,219,227.530014,5.21e-06
1,220,160.67189,5.21e-06
1,221,72.044319,5.22e-06
1,222,171.498596,5.22e-06
1,223,167.695709,5.23e-06
1,224,140.27771,5.23e-06
1,225,92.064903,5.24e-06
1,226,137.109467,5.24e-06
1,227,134.632797,5.25e-06
1,228,64.965942,5.25e-06
1,229,133.192627,5.26e-06
1,230,105.022156,5.26e-06
1,231,179.09404,5.27e-06
1,232,170.026581,5.27e-06
1,233,75.275185,5.28e-06
1,234,93.195526,5.28e-06
1,235,121.583939,5.29e-06
1,236,130.505569,5.29e-06
1,237,99.985565,5.3e-06
1,238,122.532959,5.3e-06
1,239,102.909782,5.31e-06
1,240,155.214096,5.31e-06
1,241,112.979439,5.32e-06
1,242,98.953407,5.32e-06
1,243,98.34938,5.33e-06
1,244,107.8228,5.33e-06
1,245,176.945755,5.34e-06
1,246,163.737869,5.34e-06
1,247,112.132004,5.35e-06
1,248,48.36779,5.35e-06
1,249,75.824631,5.36e-06
1,250,205.372284,5.36e-06
1,251,104.125946,5.37e-06
1,252,254.080383,5.37e-06
1,253,138.99498,5.38e-06
1,254,81.602417,5.38e-06
1,255,79.403549,5.39e-06
1,256,76.596573,5.39e-06
1,257,100.86293,5.4e-06
1,258,92.117638,5.4e-06
1,259,86.39711,5.41e-06
1,260,94.206207,5.41e-06
1,261,79.282822,5.42e-06
1,262,93.911438,5.42e-06
1,263,66.821136,5.43e-06
1,264,63.030415,5.43e-06
1,265,74.015625,5.44e-06
1,266,88.131607,5.44e-06
1,267,165.15036,5.45e-06
1,268,89.912987,5.45e-06
1,269,77.634628,5.46e-06
1,270,90.018219,5.46e-06
1,271,151.600601,5.47e-06
1,272,51.233196,5.47e-06
1,273,130.020721,5.48e-06
1,274,69.405418,5.48e-06
1,275,76.477165,5.49e-06
1,276,99.697449,5.49e-06
1,277,65.928665,5.5e-06
1,278,117.673676,5.5e-06
1,279,75.64415,5.51e-06
1,280,160.568832,5.51e-06
1,281,125.79129,5.52e-06
1,282,122.250893,5.52e-06
1,283,97.491959,5.53e-06
1,284,78.141464,5.53e-06
1,285,69.902359,5.54e-06
1,286,91.074677,5.54e-06
1,287,52.131149,5.55e-06
1,288,135.226639,5.55e-06
1,289,108.775566,5.56e-06
1,290,93.848213,5.56e-06
1,291,120.172134,5.57e-06
1,292,57.474407,5.57e-06
1,293,170.170731,5.58e-06
1,294,104.843376,5.58e-06
1,295,107.83696,5.59e-06
1,296,63.266609,5.59e-06
1,297,60.3321,5.6e-06
1,298,96.075554,5.6e-06
1,299,57.637302,5.61e-06
1,300,39.9879,5.61e-06
1,301,179.742172,5.62e-06
1,302,142.659302,5.62e-06
1,303,102.123421,5.63e-06
1,304,49.753975,5.63e-06
1,305,102.655624,5.64e-06
1,306,69.145287,5.64e-06
1,307,54.071472,5.65e-06
1,308,50.041302,5.65e-06
1,309,57.384518,5.66e-06
1,310,60.782475,5.66e-06
1,311,104.412674,5.67e-06
1,312,134.277802,5.67e-06
1,313,152.230148,5.68e-06
1,314,97.755112,5.68e-06
1,315,64.318176,5.69e-06
1,316,72.321129,5.69e-06
1,317,66.498245,5.7e-06
1,318,82.771019,5.7e-06
1,319,115.750137,5.71e-06
1,320,61.492283,5.71e-06
1,321,119.490425,5.72e-06
1,322,104.174583,5.72e-06
1,323,84.916138,5.73e-06
1,324,108.605789,5.73e-06
1,325,100.637535,5.74e-06
1,326,152.26207,5.74e-06
1,327,47.884396,5.75e-06
1,328,135.019882,5.75e-06
1,329,114.394951,5.76e-06
1,330,108.132454,5.76e-06
1,331,164.861481,5.77e-06
1,332,83.102707,5.77e-06
1,333,56.819134,5.78e-06
1,334,82.94017,5.78e-06
1,335,88.793983,5.79e-06
1,336,100.174706,5.79e-06
1,337,142.962845,5.8e-06
1,338,67.332794,5.8e-06
1,339,51.38266,5.81e-06
1,340,132.728439,5.81e-06
1,341,89.312332,5.82e-06
1,342,93.495377,5.82e-06
1,343,99.521103,5.83e-06
1,344,112.024536,5.83e-06
1,345,110.257301,5.84e-06
1,346,70.226479,5.84e-06
1,347,116.71627,5.85e-06
1,348,111.503532,5.85e-06
1,349,102.574928,5.86e-06
1,350,113.069595,5.86e-06
1,351,41.536114,5.87e-06
1,352,80.904434,5.87e-06
1,353,82.101791,5.88e-06
1,354,52.689003,5.88e-06
1,355,48.805313,5.89e-06
1,356,144.233673,5.89e-06
1,357,180.546417,5.9e-06
1,358,144.37265,5.9e-06
1,359,99.586288,5.91e-06
1,360,100.252106,5.91e-06
1,361,54.902534,5.92e-06
1,362,147.455917,5.92e-06
1,363,54.211945,5.93e-06
1,364,62.598885,5.93e-06
1,365,107.073303,5.94e-06
1,366,51.670326,5.94e-06
1,367,101.971596,5.95e-06
1,368,199.938705,5.95e-06
1,369,65.900963,5.96e-06
1,370,95.232796,5.96e-06
1,371,85.588425,5.97e-06
1,372,74.370285,5.97e-06
1,373,48.771347,5.98e-06
1,374,55.20467,5.98e-06
1,375,66.75193,5.99e-06
1,376,45.999336,5.99e-06
1,377,57.119675,6e-06
1,378,66.505508,6e-06
1,379,96.939713,6.01e-06
1,380,98.622421,6.01e-06
1,381,87.717651,6.02e-06
1,382,45.933193,6.02e-06
1,383,117.542358,6.03e-06
1,384,86.962212,6.03e-06
1,385,71.467163,6.04e-06
1,386,133.840866,6.04e-06
1,387,75.52095,6.05e-06
1,388,79.196312,6.05e-06
1,389,56.350571,6.06e-06
1,390,141.850861,6.06e-06
1,391,85.958603,6.07e-06
1,392,112.539818,6.07e-06
1,393,75.382851,6.08e-06
1,394,82.874718,6.08e-06
1,395,140.709152,6.09e-06
1,396,84.031929,6.09e-06
1,397,64.955101,6.1e-06
1,398,61.553787,6.1e-06
1,399,97.13195,6.11e-06
1,400,44.332115,6.11e-06
1,401,57.304192,6.12e-06
1,402,55.461006,6.12e-06
1,403,86.943245,6.13e-06
1,404,147.584976,6.13e-06
1,405,118.107483,6.14e-06
1,406,65.572258,6.14e-06
1,407,47.22506,6.15e-06
1,408,83.387878,6.15e-06
1,409,91.301987,6.16e-06
1,410,93.993675,6.16e-06
1,411,143.266342,6.17e-06
1,412,57.985565,6.17e-06
1,413,72.131668,6.18e-06
1,414,108.706421,6.18e-06
1,415,75.297646,6.19e-06
1,416,52.231022,6.19e-06
1,417,75.81813,6.2e-06
1,418,132.866989,6.2e-06
1,419,63.495201,6.21e-06
1,420,71.644722,6.21e-06
1,421,80.953735,6.22e-06
1,422,54.330608,6.22e-06
1,423,137.832626,6.23e-06
1,424,56.180355,6.23e-06
1,425,95.634369,6.24e-06
1,426,57.007359,6.24e-06
1,427,58.21431,6.25e-06
1,428,74.981636,6.25e-06
1,429,135.829208,6.26e-06
1,430,40.786324,6.26e-06
1,431,159.099472,6.27e-06
1,432,58.178967,6.27e-06
1,433,64.149857,6.28e-06
1,434,130.379547,6.28e-06
1,435,43.043758,6.29e-06
1,436,44.485409,6.29e-06
1,437,71.126389,6.3e-06
1,438,39.746071,6.3e-06
1,439,113.307205,6.31e-06
1,440,127.990517,6.31e-06
1,441,89.35424,6.32e-06
1,442,53.383842,6.32e-06
1,443,90.068756,6.33e-06
1,444,46.083199,6.33e-06
1,445,63.213383,6.34e-06
1,446,42.074535,6.34e-06
1,447,46.881653,6.35e-06
1,448,37.231506,6.35e-06
1,449,52.993198,6.36e-06
1,450,66.767181,6.36e-06
1,451,61.540878,6.37e-06
1,452,31.118097,6.37e-06
1,453,87.884941,6.38e-06
1,454,100.633987,6.38e-06
1,455,78.409645,6.39e-06
1,456,36.855728,6.39e-06
1,457,31.45797,6.4e-06
1,458,65.251648,6.4e-06
1,459,79.775146,6.41e-06
1,460,63.510796,6.41e-06
1,461,70.279633,6.42e-06
1,462,55.841022,6.42e-06
1,463,56.734032,6.43e-06
1,464,24.182676,6.43e-06
1,465,57.050697,6.44e-06
1,466,42.97625,6.44e-06
1,467,72.774384,6.45e-06
1,468,35.044956,6.45e-06
1,469,40.373734,6.46e-06
1,470,57.639729,6.46e-06
1,471,47.288952,6.47e-06
1,472,101.695755,6.47e-06
1,473,40.960136,6.48e-06
1,474,101.003525,6.48e-06
1,475,57.449871,6.49e-06
1,476,100.619164,6.49e-06
1,477,53.726311,6.5e-06
1,478,45.420044,6.5e-06
1,479,106.080734,6.51e-06
1,480,66.772621,6.51e-06
1,481,74.758438,6.52e-06
1,482,45.334885,6.52e-06
1,483,77.939384,6.53e-06
1,484,75.511925,6.53e-06
1,485,65.578514,6.54e-06
1,486,56.557083,6.54e-06
1,487,31.453575,6.55e-06
1,488,28.49498,6.55e-06
1,489,46.142433,6.56e-06
1,490,62.91259,6.56e-06
1,491,49.190559,6.57e-06
1,492,59.798637,6.57e-06
1,493,34.159855,6.58e-06
1,494,73.419731,6.58e-06
1,495,67.278603,6.59e-06
1,496,64.201134,6.59e-06
1,497,76.096992,6.6e-06
1,498,53.004841,6.6e-06
1,499,55.667187,6.61e-06
1,500,52.803192,6.61e-06
1,501,74.582932,6.62e-06
1,502,85.546997,6.62e-06
1,503,79.260277,6.63e-06
1,504,50.123131,6.63e-06
1,505,41.23378,6.64e-06
1,506,65.080231,6.64e-06
1,507,73.254539,6.65e-06
1,508,63.324776,6.65e-06
1,509,66.532814,6.66e-06
1,510,62.528,6.66e-06
1,511,61.856018,6.67e-06
1,512,51.027771,6.67e-06
1,513,61.273384,6.68e-06
1,514,69.40847,6.68e-06
1,515,54.29808,6.69e-06
1,516,53.337193,6.69e-06
1,517,28.936253,6.7e-06
1,518,42.529186,6.7e-06
1,519,62.579163,6.71e-06
1,520,47.229294,6.71e-06
1,521,69.064583,6.72e-06
1,522,92.654724,6.72e-06
1,523,65.477715,6.73e-06
1,524,69.990074,6.73e-06
1,525,43.427643,6.74e-06
1,526,57.686718,6.74e-06
1,527,73.129486,6.75e-06
1,528,69.09333,6.75e-06
1,529,73.47039,6.76e-06
1,530,33.830353,6.76e-06
1,531,85.573624,6.77e-06
1,532,54.996395,6.77e-06
1,533,29.104605,6.78e-06
1,534,41.341095,6.78e-06
1,535,49.745525,6.79e-06
1,536,57.193874,6.79e-06
1,537,28.546122,6.8e-06
1,538,46.444603,6.8e-06
1,539,40.214291,6.81e-06
1,540,28.577084,6.81e-06
1,541,51.179901,6.82e-06
1,542,64.839882,6.82e-06
1,543,24.698376,6.83e-06
1,544,57.82357,6.83e-06
1,545,73.347778,6.84e-06
1,546,55.269333,6.84e-06
1,547,52.633327,6.85e-06
1,548,43.640007,6.85e-06
1,549,45.639305,6.86e-06
1,550,66.994812,6.86e-06
1,551,37.044907,6.87e-06
1,552,79.207458,6.87e-06
1,553,69.513565,6.88e-06
1,554,49.526791,6.88e-06
1,555,54.08683,6.89e-06
1,556,48.038586,6.89e-06
1,557,46.428005,6.9e-06
1,558,86.023102,6.9e-06
1,559,66.288506,6.91e-06
1,560,75.931763,6.91e-06
1,561,45.794563,6.92e-06
1,562,50.42532,6.92e-06
1,563,41.465294,6.93e-06
1,564,30.092987,6.93e-06
1,565,31.311474,6.94e-06
1,566,51.478966,6.94e-06
1,567,25.865393,6.95e-06
1,568,50.08672,6.95e-06
1,569,55.405838,6.96e-06
1,570,29.02656,6.96e-06
1,571,51.585197,6.97e-06
1,572,64.473412,6.97e-06
1,573,58.998932,6.98e-06
1,574,44.103233,6.98e-06
1,575,32.62318,6.99e-06
1,576,48.10474,6.99e-06
1,577,58.112846,7e-06
1,578,39.22485,7e-06
1,579,39.333534,7.01e-06
1,580,45.039036,7.01e-06
1,581,64.961578,7.02e-06
1,582,60.914349,7.02e-06
1,583,65.228271,7.03e-06
1,584,55.48819,7.03e-06
1,585,33.195595,7.04e-06
1,586,59.107887,7.04e-06
1,587,21.745613,7.05e-06
1,588,57.463703,7.05e-06
1,589,27.091843,7.06e-06
1,590,54.766769,7.06e-06
1,591,55.113159,7.07e-06
1,592,32.791035,7.07e-06
1,593,53.713928,7.08e-06
1,594,33.890575,7.08e-06
1,595,27.469353,7.09e-06
1,596,72.960548,7.09e-06
1,597,27.995361,7.1e-06
1,598,26.078308,7.1e-06
1,599,34.694962,7.11e-06
1,600,69.867638,7.11e-06
1,601,65.201317,7.12e-06
1,602,33.005882,7.12e-06
1,603,50.177231,7.13e-06
1,604,40.256256,7.13e-06
1,605,63.648449,7.14e-06
1,606,56.52795,7.14e-06
1,607,46.273994,7.15e-06
1,608,91.572906,7.15e-06
1,609,36.29071,7.16e-06
1,610,58.820812,7.16e-06
1,611,27.986359,7.17e-06
1,612,56.717171,7.17e-06
1,613,45.279629,7.18e-06
1,614,73.710144,7.18e-06
1,615,29.030993,7.19e-06
1,616,72.054718,7.19e-06
1,617,29.987993,7.2e-06
1,618,57.169716,7.2e-06
1,619,39.582439,7.21e-06
1,620,54.438416,7.21e-06
1,621,37.223461,7.22e-06
1,622,57.031693,7.22e-06
1,623,24.042301,7.23e-06
1,624,71.572372,7.23e-06
1,625,35.030807,7.24e-06
1,626,22.835972,7.24e-06
1,627,62.910606,7.25e-06
1,628,35.165771,7.25e-06
1,629,35.788784,7.26e-06
1,630,54.869946,7.26e-06
1,631,32.454533,7.27e-06
1,632,25.355043,7.27e-06
1,633,28.451656,7.28e-06
1,634,34.137726,7.28e-06
1,635,55.353451,7.29e-06
1,636,40.5597,7.29e-06
1,637,41.3377,7.3e-06
1,638,40.466103,7.3e-06
1,639,42.930557,7.31e-06
1,640,47.987961,7.31e-06
1,641,50.179871,7.32e-06
1,642,40.05574,7.32e-06
1,643,40.48584,7.33e-06
1,644,28.695904,7.33e-06
1,645,59.679184,7.34e-06
1,646,32.388145,7.34e-06
1,647,46.964111,7.35e-06
1,648,38.095806,7.35e-06
1,649,65.02858,7.36e-06
1,650,32.513756,7.36e-06
1,651,29.989754,7.37e-06
1,652,38.32679,7.37e-06
1,653,57.119415,7.38e-06
1,654,36.934605,7.38e-06
1,655,24.010733,7.39e-06
1,656,74.280312,7.39e-06
1,657,46.435303,7.4e-06
1,658,48.464294,7.4e-06
1,659,41.94418,7.41e-06
1,660,45.281128,7.41e-06
1,661,34.558495,7.42e-06
1,662,53.439674,7.42e-06
1,663,25.281271,7.43e-06
1,664,50.679848,7.43e-06
1,665,33.606037,7.44e-06
1,666,48.756504,7.44e-06
1,667,60.661839,7.45e-06
1,668,39.107456,7.45e-06
1,669,51.502064,7.46e-06
1,670,42.641174,7.46e-06
1,671,69.897217,7.47e-06
1,672,37.93409,7.47e-06
1,673,26.922874,7.48e-06
1,674,48.410725,7.48e-06
1,675,45.244545,7.49e-06
1,676,18.609947,7.49e-06
1,677,62.287041,7.5e-06
1,678,44.716698,7.5e-06
1,679,41.170357,7.51e-06
1,680,34.163895,7.51e-06
1,681,38.172394,7.52e-06
1,682,49.509964,7.52e-06
1,683,32.906113,7.53e-06
1,684,75.932693,7.53e-06
1,685,39.546989,7.54e-06
1,686,41.60207,7.54e-06
1,687,35.446335,7.55e-06
1,688,31.229641,7.55e-06
1,689,25.424938,7.56e-06
1,690,43.811382,7.56e-06
1,691,45.576523,7.57e-06
1,692,22.599697,7.57e-06
1,693,63.183586,7.58e-06
1,694,40.46645,7.58e-06
1,695,41.684299,7.59e-06
1,696,39.597839,7.59e-06
1,697,50.294258,7.6e-06
1,698,41.52459,7.6e-06
1,699,22.44982,7.61e-06
1,700,45.476463,7.61e-06
1,701,28.321953,7.62e-06
1,702,39.308807,7.62e-06
1,703,27.621353,7.63e-06
1,704,22.30765,7.63e-06
1,705,26.492758,7.64e-06
1,706,20.079054,7.64e-06
1,707,25.587206,7.65e-06
1,708,37.600578,7.65e-06
1,709,55.037514,7.66e-06
1,710,43.5909,7.66e-06
1,711,40.439995,7.67e-06
1,712,17.850906,7.67e-06
1,713,26.855354,7.68e-06
1,714,33.271702,7.68e-06
1,715,57.426224,7.69e-06
1,716,25.505882,7.69e-06
1,717,41.404266,7.7e-06
1,718,32.768589,7.7e-06
1,719,39.983223,7.71e-06
1,720,22.831722,7.71e-06
1,721,29.86084,7.72e-06
1,722,28.669786,7.72e-06
1,723,50.516006,7.73e-06
1,724,24.905041,7.73e-06
1,725,30.821625,7.74e-06
1,726,39.683109,7.74e-06
1,727,20.765848,7.75e-06
1,728,25.135139,7.75e-06
1,729,45.537651,7.76e-06
1,730,37.120644,7.76e-06
1,731,34.66983,7.77e-06
1,732,46.959103,7.77e-06
1,733,84.719589,7.78e-06
1,734,34.313564,7.78e-06
1,735,27.434265,7.79e-06
1,736,36.438156,7.79e-06
1,737,60.654617,7.8e-06
1,738,46.312202,7.8e-06
1,739,45.291878,7.81e-06
1,740,54.807083,7.81e-06
1,741,26.087561,7.82e-06
1,742,23.040947,7.82e-06
1,743,49.202965,7.83e-06
1,744,42.973785,7.83e-06
1,745,28.888405,7.84e-06
1,746,44.873432,7.84e-06
1,747,25.654295,7.85e-06
1,748,27.550802,7.85e-06
1,749,17.692032,7.86e-06
1,750,42.541954,7.86e-06
1,751,20.903482,7.87e-06
1,752,32.42123,7.87e-06
1,753,22.631744,7.88e-06
1,754,32.970409,7.88e-06
1,755,38.615398,7.89e-06
1,756,27.83205,7.89e-06
1,757,25.769165,7.9e-06
1,758,32.58313,7.9e-06
1,759,41.214958,7.91e-06
1,760,18.308853,7.91e-06
1,761,40.22908,7.92e-06
1,762,24.781395,7.92e-06
1,763,38.425411,7.93e-06
1,764,36.250244,7.93e-06
1,765,30.51288,7.94e-06
1,766,38.571365,7.94e-06
1,767,46.285286,7.95e-06
1,768,31.51635,7.95e-06
1,769,63.11499,7.96e-06
1,770,33.392853,7.96e-06
1,771,29.140774,7.97e-06
1,772,29.103504,7.97e-06
1,773,26.452152,7.98e-06
1,774,19.319777,7.98e-06
1,775,24.0173,7.99e-06
1,776,25.951212,7.99e-06
1,777,24.454527,8e-06
1,778,21.510666,8e-06
1,779,63.019855,8.01e-06
1,780,17.703829,8.01e-06
1,781,22.768126,8.02e-06
1,782,37.650448,8.02e-06
1,783,24.172024,8.03e-06
1,784,34.072739,8.03e-06
1,785,44.532059,8.04e-06
1,786,31.343567,8.04e-06
1,787,36.32019,8.05e-06
1,788,53.267769,8.05e-06
1,789,29.934364,8.06e-06
1,790,44.498299,8.06e-06
1,791,46.346828,8.07e-06
1,792,26.495733,8.07e-06
1,793,30.381968,8.08e-06
1,794,18.748816,8.08e-06
1,795,20.965679,8.09e-06
1,796,25.033367,8.09e-06
1,797,42.533691,8.1e-06
1,798,39.158039,8.1e-06
1,799,25.525063,8.11e-06
1,800,32.614079,8.11e-06
1,801,30.342575,8.12e-06
1,802,18.389866,8.12e-06
1,803,54.070171,8.13e-06
1,804,34.703388,8.13e-06
1,805,62.875935,8.14e-06
1,806,40.274227,8.14e-06
1,807,30.06439,8.15e-06
1,808,21.225243,8.15e-06
1,809,39.960365,8.16e-06
1,810,20.035652,8.16e-06
1,811,40.332829,8.17e-06
1,812,42.46006,8.17e-06
1,813,30.845137,8.18e-06
1,814,18.526426,8.18e-06
1,815,25.29216,8.19e-06
1,816,32.432507,8.19e-06
1,817,60.532524,8.2e-06
1,818,52.495823,8.2e-06
1,819,42.141644,8.21e-06
1,820,18.472832,8.21e-06
1,821,31.555477,8.22e-06
2,0,19.128525,8.22e-06
2,1,27.138012,8.23e-06
2,2,24.646133,8.23e-06
2,3,35.829052,8.24e-06
2,4,20.278049,8.24e-06
2,5,32.348198,8.25e-06
2,6,35.694565,8.25e-06
2,7,28.445114,8.26e-06
2,8,41.178886,8.26e-06
2,9,24.829632,8.27e-06
2,10,39.471478,8.27e-06
2,11,19.372818,8.28e-06
2,12,34.713253,8.28e-06
2,13,19.647335,8.29e-06
2,14,21.250271,8.29e-06
2,15,23.5998,8.3e-06
2,16,19.944603,8.3e-06
2,17,55.370628,8.31e-06
2,18,27.785545,8.31e-06
2,19,54.020988,8.32e-06
2,20,21.419197,8.32e-06
2,21,21.062374,8.33e-06
2,22,39.015854,8.33e-06
2,23,34.727715,8.34e-06
2,24,27.511726,8.34e-06
2,25,33.215153,8.35e-06
2,26,31.683611,8.35e-06
2,27,18.960384,8.36e-06
2,28,41.820801,8.36e-06
2,29,22.917164,8.37e-06
2,30,14.88641,8.37e-06
2,31,29.243084,8.38e-06
2,32,27.468445,8.38e-06
2,33,22.020243,8.39e-06
2,34,29.25441,8.39e-06
2,35,29.915468,8.4e-06
2,36,20.799116,8.4e-06
2,37,25.051523,8.41e-06
2,38,40.409073,8.41e-06
2,39,41.100117,8.42e-06
2,40,17.693201,8.42e-06
2,41,49.559845,8.43e-06
2,42,23.248842,8.43e-06
2,43,15.757637,8.44e-06
2,44,24.07885,8.44e-06
2,45,31.631479,8.45e-06
2,46,52.112846,8.45e-06
2,47,21.679762,8.46e-06
2,48,26.81077,8.46e-06
2,49,32.352573,8.47e-06
2,50,25.322575,8.47e-06
2,51,22.788954,8.48e-06
2,52,27.720695,8.48e-06
2,53,53.034096,8.49e-06
2,54,36.04488,8.49e-06
2,55,35.915936,8.5e-06
2,56,35.763809,8.5e-06
2,57,57.468555,8.51e-06
2,58,18.102247,8.51e-06
2,59,38.349487,8.52e-06
2,60,18.260651,8.52e-06
2,61,43.01421,8.53e-06
2,62,31.254063,8.53e-06
2,63,34.93718,8.54e-06
2,64,16.188442,8.54e-06
2,65,30.691166,8.55e-06
2,66,18.091694,8.55e-06
2,67,18.961271,8.56e-06
2,68,21.856775,8.56e-06
2,69,23.945414,8.57e-06
2,70,17.543442,8.57e-06
2,71,40.868118,8.58e-06
2,72,40.643909,8.58e-06
2,73,32.162407,8.59e-06
2,74,15.678709,8.59e-06
2,75,24.082611,8.6e-06
2,76,13.307022,8.6e-06
2,77,13.848888,8.61e-06
2,78,29.811039,8.61e-06
2,79,17.285816,8.62e-06
2,80,20.083132,8.62e-06
2,81,34.079422,8.63e-06
2,82,27.558214,8.63e-06
2,83,48.269741,8.64e-06
2,84,21.384722,8.64e-06
2,85,35.727596,8.65e-06
2,86,25.558018,8.65e-06
2,87,18.278093,8.66e-06
2,88,14.392009,8.66e-06
2,89,17.048088,8.67e-06
2,90,18.102676,8.67e-06
2,91,42.567223,8.68e-06
2,92,51.604748,8.68e-06
2,93,23.027344,8.69e-06
2,94,29.190676,8.69e-06
2,95,35.569427,8.7e-06
2,96,36.330276,8.7e-06
2,97,14.747022,8.71e-06
2,98,24.185415,8.71e-06
2,99,42.786205,8.72e-06
2,100,28.602322,8.72e-06
2,101,23.82065,8.73e-06
2,102,26.674088,8.73e-06
2,103,16.50378,8.74e-06
2,104,22.895514,8.74e-06
2,105,29.704788,8.75e-06
2,106,36.648579,8.75e-06
2,107,19.448769,8.76e-06
2,108,24.930002,8.76e-06
2,109,22.445938,8.77e-06
2,110,22.966824,8.77e-06
2,111,16.688824,8.78e-06
2,112,15.328488,8.78e-06
2,113,22.624678,8.79e-06
2,114,28.594112,8.79e-06
2,115,29.330864,8.8e-06
2,116,14.506382,8.8e-06
2,117,24.910168,8.81e-06
2,118,23.308889,8.81e-06
2,119,15.214949,8.82e-06
2,120,13.868927,8.82e-06
2,121,25.630823,8.83e-06
2,122,13.06728,8.83e-06
2,123,24.633305,8.84e-06
2,124,32.125175,8.84e-06
2,125,20.350821,8.85e-06
2,126,32.189209,8.85e-06
2,127,23.951548,8.86e-06
2,128,16.431301,8.86e-06
2,129,35.223675,8.87e-06
2,130,43.813492,8.87e-06
2,131,21.761993,8.88e-06
2,132,20.087387,8.88e-06
2,133,16.938105,8.89e-06
2,134,18.196836,8.89e-06
2,135,32.627445,8.9e-06
2,136,32.894634,8.9e-06
2,137,16.930262,8.91e-06
2,138,34.056705,8.91e-06
2,139,19.918652,8.92e-06
2,140,14.839161,8.92e-06
2,141,17.097988,8.93e-06
2,142,31.686649,8.93e-06
2,143,12.516185,8.94e-06
2,144,19.582956,8.94e-06
2,145,31.455244,8.95e-06
2,146,36.851212,8.95e-06
2,147,24.877216,8.96e-06
2,148,35.300739,8.96e-06
2,149,15.991796,8.97e-06
2,150,17.61113,8.97e-06
2,151,13.524831,8.98e-06
2,152,24.287426,8.98e-06
2,153,22.351921,8.99e-06
2,154,23.713661,8.99e-06
2,155,25.323339,9e-06
2,156,21.689102,9e-06
2,157,21.330906,9.01e-06
2,158,21.072662,9.01e-06
2,159,21.023842,9.02e-06
2,160,24.394737,9.02e-06
2,161,32.31316,9.03e-06
2,162,30.577515,9.03e-06
2,163,17.470749,9.04e-06
2,164,11.783892,9.04e-06
2,165,29.448879,9.05e-06
2,166,28.10463,9.05e-06
2,167,15.700079,9.06e-06
2,168,19.545036,9.06e-06
2,169,31.605141,9.07e-06
2,170,15.570628,9.07e-06
2,171,12.306643,9.08e-06
2,172,12.34377,9.08e-06
2,173,16.312939,9.09e-06
2,174,18.743412,9.09e-06
2,175,26.341028,9.1e-06
2,176,33.317734,9.1e-06
2,177,25.2264,9.11e-06
2,178,28.491531,9.11e-06
2,179,31.214449,9.12e-06
2,180,25.559849,9.12e-06
2,181,27.710461,9.13e-06
2,182,28.399237,9.13e-06
2,183,15.440574,9.14e-06
2,184,25.885323,9.14e-06
2,185,26.55386,9.15e-06
2,186,12.858979,9.15e-06
2,187,29.494566,9.16e-06
2,188,23.442955,9.16e-06
2,189,18.01343,9.17e-06
2,190,14.49423,9.17e-06
2,191,24.086369,9.18e-06
2,192,20.22657,9.18e-06
2,193,23.627974,9.19e-06
2,194,26.958416,9.19e-06
2,195,22.535263,9.2e-06
2,196,23.912928,9.2e-06
2,197,24.284763,9.21e-06
2,198,11.955879,9.21e-06
2,199,19.259438,9.22e-06
2,200,28.606422,9.22e-06
2,201,24.18573,9.23e-06
2,202,20.96697,9.23e-06
2,203,16.9184,9.24e-06
2,204,24.371288,9.24e-06
2,205,23.768475,9.25e-06
2,206,27.768528,9.25e-06
2,207,24.079762,9.26e-06
2,208,27.36528,9.26e-06
2,209,13.884806,9.27e-06
2,210,20.568531,9.27e-06
2,211,22.521736,9.28e-06
2,212,24.554718,9.28e-06
2,213,15.083786,9.29e-06
2,214,13.852554,9.29e-06
2,215,14.235695,9.3e-06
2,216,20.717186,9.3e-06
2,217,12.832057,9.31e-06
2,218,15.107275,9.31e-06
2,219,27.946682,9.32e-06
2,220,11.274283,9.32e-06
2,221,15.166239,9.33e-06
2,222,12.434106,9.33e-06
2,223,27.626806,9.34e-06
2,224,34.196072,9.34e-06
2,225,26.190144,9.35e-06
2,226,24.13308,9.35e-06
2,227,15.089436,9.36e-06
2,228,13.524561,9.36e-06
2,229,17.047253,9.37e-06
2,230,13.867559,9.37e-06
2,231,16.146084,9.38e-06
2,232,22.532892,9.38e-06
2,233,17.14983,9.39e-06
2,234,11.416763,9.39e-06
2,235,24.076916,9.4e-06
2,236,13.709489,9.4e-06
2,237,35.926579,9.41e-06
2,238,27.420719,9.41e-06
2,239,20.567415,9.42e-06
2,240,14.116906,9.42e-06
2,241,33.432938,9.43e-06
2,242,19.097046,9.43e-06
2,243,11.885149,9.44e-06
2,244,20.969395,9.44e-06
2,245,16.720575,9.45e-06
2,246,14.661481,9.45e-06
2,247,15.228328,9.46e-06
2,248,11.846207,9.46e-06
2,249,25.678158,9.47e-06
2,250,12.524132,9.47e-06
2,251,12.624795,9.48e-06
2,252,13.979866,9.48e-06
2,253,17.388113,9.49e-06
2,254,22.83173,9.49e-06
2,255,16.064127,9.5e-06
2,256,14.097702,9.5e-06
2,257,22.747398,9.51e-06
2,258,20.733856,9.51e-06
2,259,23.844479,9.52e-06
2,260,22.688187,9.52e-06
2,261,22.314768,9.53e-06
2,262,11.015579,9.53e-06
2,263,14.187485,9.54e-06
2,264,27.793354,9.54e-06
2,265,11.17454,9.55e-06
2,266,15.019029,9.55e-06
2,267,10.991332,9.56e-06
2,268,24.549305,9.56e-06
2,269,13.597496,9.57e-06
2,270,11.533937,9.57e-06
2,271,12.876388,9.58e-06
2,272,22.899448,9.58e-06
2,273,24.813883,9.59e-06
2,274,12.311682,9.59e-06
2,275,16.637064,9.6e-06
2,276,17.698874,9.6e-06
2,277,32.321972,9.61e-06
2,278,12.567682,9.61e-06
2,279,12.163886,9.62e-06
2,280,12.567612,9.62e-06
2,281,11.511028,9.63e-06
2,282,22.230396,9.63e-06
2,283,16.346909,9.64e-06
2,284,16.320902,9.64e-06
2,285,15.01125,9.65e-06
2,286,12.629476,9.65e-06
2,287,12.975437,9.66e-06
2,288,10.501226,9.66e-06
2,289,15.76443,9.67e-06
2,290,11.974383,9.67e-06
2,291,14.0749,9.68e-06
2,292,9.111508,9.68e-06
2,293,21.537119,9.69e-06
2,294,14.823405,9.69e-06
2,295,12.740057,9.7e-06
2,296,14.798759,9.7e-06
2,297,11.778295,9.71e-06
2,298,32.900692,9.71e-06
2,299,12.874001,9.72e-06
2,300,18.027966,9.72e-06
2,301,13.889391,9.73e-06
2,302,18.599281,9.73e-06
2,303,10.347579,9.74e-06
2,304,21.609549,9.74e-06
2,305,15.064825,9.75e-06
2,306,31.519085,9.75e-06
2,307,14.591331,9.76e-06
2,308,26.116034,9.76e-06
2,309,19.623919,9.77e-06
2,310,18.891064,9.77e-06
2,311,10.388611,9.78e-06
2,312,11.310467,9.78e-06
2,313,15.148474,9.79e-06
2,314,23.279858,9.79e-06
2,315,19.406029,9.8e-06
2,316,14.466426,9.8e-06
2,317,10.787315,9.81e-06
2,318,12.104278,9.81e-06
2,319,14.939626,9.82e-06
2,320,15.411922,9.82e-06
2,321,10.482151,9.83e-06
2,322,9.957298,9.83e-06
2,323,12.137448,9.84e-06
2,324,9.557272,9.84e-06
2,325,13.238652,9.85e-06
2,326,10.519761,9.85e-06
2,327,15.326679,9.86e-06
2,328,20.353952,9.86e-06
2,329,12.392218,9.87e-06
2,330,9.590105,9.87e-06
2,331,14.301791,9.88e-06
2,332,10.729659,9.88e-06
2,333,11.182758,9.89e-06
2,334,20.299915,9.89e-06
2,335,30.16753,9.9e-06
2,336,13.223857,9.9e-06
2,337,12.145636,9.91e-06
2,338,13.844286,9.91e-06
2,339,9.805472,9.92e-06
2,340,14.338179,9.92e-06
2,341,12.572991,9.93e-06
2,342,20.158209,9.93e-06
2,343,12.47255,9.94e-06
2,344,14.982635,9.94e-06
2,345,9.578337,9.95e-06
2,346,14.999379,9.95e-06
2,347,13.666698,9.96e-06
2,348,17.263248,9.96e-06
2,349,13.326244,9.97e-06
2,350,14.158319,9.97e-06
2,351,18.015011,9.98e-06
2,352,13.340066,9.98e-06
2,353,11.15257,9.99e-06
2,354,11.422044,9.99e-06
2,355,12.041691,1e-05
2,356,11.030623,1e-05
2,357,25.376305,1e-05
2,358,10.260135,1e-05
2,359,12.667652,1e-05
2,360,18.699953,1e-05
2,361,11.535446,1e-05
2,362,9.736816,1e-05
2,363,10.363325,1e-05
2,364,9.593502,1e-05
2,365,13.041886,1e-05
2,366,21.619747,1e-05
2,367,10.097127,1e-05
2,368,10.711303,1e-05
2,369,19.118277,1e-05
2,370,9.97368,1e-05
2,371,12.70961,1e-05
2,372,16.151861,1e-05
2,373,14.710239,1e-05
2,374,9.978438,1e-05
2,375,17.251377,1e-05
2,376,17.871275,1e-05
2,377,19.735046,1e-05
2,378,7.634457,1e-05
2,379,11.857529,1e-05
2,380,11.287299,1e-05
2,381,13.927327,1e-05
2,382,12.218929,1e-05
2,383,27.239208,1e-05
2,384,12.016867,1e-05
2,385,20.927961,1e-05
2,386,10.806858,1e-05
2,387,22.182133,1e-05
2,388,20.762197,1e-05
2,389,22.92668,1e-05
2,390,16.909845,1e-05
2,391,10.995024,1e-05
2,392,19.043011,1e-05
2,393,20.579453,1e-05
2,394,19.159473,1e-05
2,395,11.555429,1e-05
2,396,9.871569,1e-05
2,397,22.532896,1e-05
2,398,18.920399,1e-05
2,399,17.528845,1e-05
2,400,15.907089,1e-05
2,401,8.797805,1e-05
2,402,10.621437,1e-05
2,403,9.23377,1e-05
2,404,11.210212,1e-05
2,405,17.393641,1e-05
2,406,10.688678,1e-05
2,407,25.50878,1e-05
2,408,12.786661,1e-05
2,409,25.884653,1e-05
2,410,10.836696,1e-05
2,411,16.888348,1e-05
2,412,11.135515,1e-05
2,413,24.116941,1e-05
2,414,11.179862,1e-05
2,415,9.575364,1e-05
2,416,11.549801,1e-05
2,417,9.098938,1e-05
2,418,12.706541,1e-05
2,419,11.342529,1e-05
2,420,18.083195,1e-05
2,421,9.828491,1e-05
2,422,11.32929,1e-05
2,423,13.62327,1e-05
2,424,12.428474,1e-05
2,425,13.29711,1e-05
2,426,11.963589,1e-05
2,427,10.561029,1e-05
2,428,20.705183,1e-05
2,429,11.483585,1e-05
2,430,19.230658,1e-05
2,431,16.833439,1e-05
2,432,8.645068,1e-05
2,433,19.061901,1e-05
2,434,12.492147,1e-05
2,435,17.404633,1e-05
2,436,10.650448,1e-05
2,437,18.697292,1e-05
2,438,12.290933,1e-05
2,439,11.475623,1e-05
2,440,11.7852,1e-05
2,441,13.119043,1e-05
2,442,9.716472,1e-05
2,443,13.127896,1e-05
2,444,13.56158,1e-05
2,445,11.344366,1e-05
2,446,15.513804,1e-05
2,447,15.959511,1e-05
2,448,9.833035,1e-05
2,449,13.155664,1e-05
2,450,7.607545,1e-05
2,451,10.972559,1e-05
2,452,9.313721,1e-05
2,453,10.285155,1e-05
2,454,11.415701,1e-05
2,455,15.658653,1e-05
2,456,15.409306,1e-05
2,457,13.857378,1e-05
2,458,7.899799,1e-05
2,459,10.233427,1e-05
2,460,8.235773,1e-05
2,461,8.241069,1e-05
2,462,9.013282,1e-05
2,463,18.660501,1e-05
2,464,8.715608,1e-05
2,465,8.84677,1e-05
2,466,14.738525,1e-05
2,467,9.362065,1e-05
2,468,15.991852,1e-05
2,469,13.05211,1e-05
2,470,10.426863,1e-05
2,471,17.485924,1e-05
2,472,12.35113,1e-05
2,473,11.367393,1e-05
2,474,10.469319,1e-05
2,475,12.938681,1e-05
2,476,12.78264,1e-05
2,477,9.631837,1e-05
2,478,14.401812,1e-05
2,479,17.011702,1e-05
2,480,11.907065,1e-05
2,481,10.382246,1e-05
2,482,9.430623,1e-05
2,483,10.217626,1e-05
2,484,11.084363,1e-05
2,485,17.242989,1e-05
2,486,25.749477,1e-05
2,487,23.824881,1e-05
2,488,14.310469,1e-05
2,489,9.104033,1e-05
2,490,9.771688,1e-05
2,491,10.075081,1e-05
2,492,10.076426,1e-05
2,493,9.048604,1e-05
2,494,10.364253,1e-05
2,495,10.18704,1e-05
2,496,10.84869,1e-05
2,497,9.883154,1e-05
2,498,10.340772,1e-05
2,499,9.909182,1e-05
2,500,8.737802,1e-05
2,501,8.285166,1e-05
2,502,11.890853,1e-05
2,503,8.571827,1e-05
2,504,10.04683,1e-05
2,505,9.491342,1e-05
2,506,20.202543,1e-05
2,507,8.144007,1e-05
2,508,10.91748,1e-05
2,509,8.514914,1e-05
2,510,11.583925,1e-05
2,511,13.450963,1e-05
2,512,8.509643,1e-05
2,513,11.422309,1e-05
2,514,8.606232,1e-05
2,515,8.959171,1e-05
2,516,10.516727,1e-05
2,517,10.179082,1e-05
2,518,9.447578,1e-05
2,519,15.206467,1e-05
2,520,15.535892,1e-05
2,521,15.05084,1e-05
2,522,10.133892,1e-05
2,523,8.282681,1e-05
2,524,15.379607,1e-05
2,525,8.999689,1e-05
2,526,15.940717,1e-05
2,527,9.956195,1e-05
2,528,9.136253,1e-05
2,529,15.629908,1e-05
2,530,8.752798,1e-05
2,531,9.816346,1e-05
2,532,23.749081,1e-05
2,533,8.914228,1e-05
2,534,18.882254,1e-05
2,535,11.402787,1e-05
2,536,7.586065,1e-05
2,537,15.492522,1e-05
2,538,15.07697,1e-05
2,539,7.419505,1e-05
2,540,9.49463,1e-05
2,541,8.159199,1e-05
2,542,11.554884,1e-05
2,543,11.035332,1e-05
2,544,13.895978,1e-05
2,545,14.241507,1e-05
2,546,7.911041,1e-05
2,547,13.218391,1e-05
2,548,7.456211,1e-05
2,549,11.894836,1e-05
2,550,14.923092,1e-05
2,551,12.442898,1e-05
2,552,14.04061,1e-05
2,553,13.499981,1e-05
2,554,11.94053,1e-05
2,555,14.293678,1e-05
2,556,9.137917,1e-05
2,557,7.54707,1e-05
2,558,10.078865,1e-05
2,559,10.422977,1e-05
2,560,10.845126,1e-05
2,561,16.04937,1e-05
2,562,10.368507,1e-05
2,563,13.135469,1e-05
2,564,12.71641,1e-05
2,565,7.360008,1e-05
2,566,7.010973,1e-05
2,567,10.43889,1e-05
2,568,19.278427,1e-05
2,569,7.599605,1e-05
2,570,18.690252,1e-05
2,571,18.128565,1e-05
2,572,8.500965,1e-05
2,573,13.348619,1e-05
2,574,9.135097,1e-05
2,575,7.793743,1e-05
2,576,10.556644,1e-05
2,577,8.052008,1e-05
2,578,8.626888,1e-05
2,579,8.805784,1e-05
2,580,7.226488,1e-05
2,581,11.620935,1e-05
2,582,8.90294,1e-05
2,583,7.387275,1e-05
2,584,16.755119,1e-05
2,585,9.071331,1e-05
2,586,14.848143,1e-05
2,587,12.37749,1e-05
2,588,9.454144,1e-05
2,589,9.778965,1e-05
2,590,13.194599,1e-05
2,591,12.733267,1e-05
2,592,7.906932,1e-05
2,593,10.495849,1e-05
2,594,9.05769,1e-05
2,595,11.144825,1e-05
2,596,8.70437,1e-05
2,597,8.924566,1e-05
2,598,8.630787,1e-05
2,599,12.022417,1e-05
2,600,7.700291,1e-05
2,601,17.554447,1e-05
2,602,10.107671,1e-05
2,603,9.845494,1e-05
2,604,9.168653,1e-05
2,605,8.730068,1e-05
2,606,9.152031,1e-05
2,607,12.981931,1e-05
2,608,8.649583,1e-05
2,609,9.416435,1e-05
2,610,12.418511,1e-05
2,611,14.845222,1e-05
2,612,7.886923,1e-05
2,613,13.120969,1e-05
2,614,8.969877,1e-05
2,615,7.958588,1e-05
2,616,9.940854,1e-05
2,617,14.44178,1e-05
2,618,12.076153,1e-05
2,619,13.33812,1e-05
2,620,16.972029,1e-05
2,621,8.995429,1e-05
2,622,17.066376,1e-05
2,623,12.323551,1e-05
2,624,13.789598,1e-05
2,625,11.921475,1e-05
2,626,7.390307,1e-05
2,627,7.82583,1e-05
2,628,13.455013,1e-05
2,629,8.957217,1e-05
2,630,8.806868,1e-05
2,631,14.663515,1e-05
2,632,7.649786,1e-05
2,633,7.917569,1e-05
2,634,13.398091,1e-05
2,635,9.252934,1e-05
2,636,8.826536,1e-05
2,637,8.855886,1e-05
2,638,8.066222,1e-05
2,639,8.763678,1e-05
2,640,8.529101,1e-05
2,641,8.003662,1e-05
2,642,13.475676,1e-05
2,643,7.034887,1e-05
2,644,9.675293,1e-05
2,645,8.523765,1e-05
2,646,14.654008,1e-05
2,647,8.293243,1e-05
2,648,7.624869,1e-05
2,649,14.020249,1e-05
2,650,9.109035,1e-05
2,651,12.068134,1e-05
2,652,10.749031,1e-05
2,653,7.29124,1e-05
2,654,8.012034,1e-05
2,655,11.472192,1e-05
2,656,8.593077,1e-05
2,657,8.858925,1e-05
2,658,9.59548,1e-05
2,659,7.372596,1e-05
2,660,8.807787,1e-05
2,661,6.411665,1e-05
2,662,7.231907,1e-05
2,663,15.056316,1e-05
2,664,7.043466,1e-05
2,665,15.929699,1e-05
2,666,7.428568,1e-05
2,667,8.401845,1e-05
2,668,7.858676,1e-05
2,669,6.762051,1e-05
2,670,8.931173,1e-05
2,671,13.914472,1e-05
2,672,9.280457,1e-05
2,673,8.895845,1e-05
2,674,8.099112,1e-05
2,675,10.184363,1e-05
2,676,10.145069,1e-05
2,677,8.743736,1e-05
2,678,13.324716,1e-05
2,679,7.600343,1e-05
2,680,8.073347,1e-05
2,681,7.591576,1e-05
2,682,7.51047,1e-05
2,683,9.386677,1e-05
2,684,6.252921,1e-05
2,685,6.549049,1e-05
2,686,7.075739,1e-05
2,687,9.285233,1e-05
2,688,9.086644,1e-05
2,689,6.643814,1e-05
2,690,7.120229,1e-05
2,691,18.146015,1e-05
2,692,12.967934,1e-05
2,693,7.198498,1e-05
2,694,9.032742,1e-05
2,695,7.419257,1e-05
2,696,7.26218,1e-05
2,697,8.654106,1e-05
2,698,10.877978,1e-05
2,699,7.118917,1e-05
2,700,8.649204,1e-05
2,701,8.451008,1e-05
2,702,8.752877,1e-05
2,703,7.157753,1e-05
2,704,7.790294,1e-05
2,705,8.341608,1e-05
2,706,11.053297,1e-05
2,707,8.643222,1e-05
2,708,6.654609,1e-05
2,709,9.422412,1e-05
2,710,8.985983,1e-05
2,711,7.572192,1e-05
2,712,7.734672,1e-05
2,713,8.694925,1e-05
2,714,10.947889,1e-05
2,715,8.387362,1e-05
2,716,10.095318,1e-05
2,717,7.655755,1e-05
2,718,9.51736,1e-05
2,719,7.142775,1e-05
2,720,7.901193,1e-05
2,721,9.646624,1e-05
2,722,11.585976,1e-05
2,723,7.181871,1e-05
2,724,9.770389,1e-05
2,725,7.174776,1e-05
2,726,7.562497,1e-05
2,727,11.83123,1e-05
2,728,8.057868,1e-05
2,729,10.822179,1e-05
2,730,7.961945,1e-05
2,731,7.161922,1e-05
2,732,11.47705,1e-05
2,733,8.402535,1e-05
2,734,7.549731,1e-05
2,735,6.529064,1e-05
2,736,12.076107,1e-05
2,737,6.99195,1e-05
2,738,7.542966,1e-05
2,739,8.347321,1e-05
2,740,11.005648,1e-05
2,741,8.663572,1e-05
2,742,8.791417,1e-05
2,743,10.342286,1e-05
2,744,8.774851,1e-05
2,745,10.711486,1e-05
2,746,6.727712,1e-05
2,747,11.300985,1e-05
2,748,7.753037,1e-05
2,749,12.475487,1e-05
2,750,8.712452,1e-05
2,751,11.245679,1e-05
2,752,9.233423,1e-05
2,753,10.190737,1e-05
2,754,12.504003,1e-05
2,755,7.731708,1e-05
2,756,11.661989,1e-05
2,757,6.678863,1e-05
2,758,9.658372,1e-05
2,759,10.65127,1e-05
2,760,8.407288,1e-05
2,761,9.464453,1e-05
2,762,12.809723,1e-05
2,763,13.095442,1e-05
2,764,10.959232,1e-05
2,765,7.961569,1e-05
2,766,6.71985,1e-05
2,767,7.287566,1e-05
2,768,13.975595,1e-05
2,769,7.287139,1e-05
2,770,6.658978,1e-05
2,771,8.274597,1e-05
2,772,8.841246,1e-05
2,773,10.407853,1e-05
2,774,9.138425,1e-05
2,775,9.970194,1e-05
2,776,8.742351,1e-05
2,777,7.881262,1e-05
2,778,7.902001,1e-05
2,779,15.341782,1e-05
2,780,11.760461,1e-05
2,781,13.478138,1e-05
2,782,18.057348,1e-05
2,783,8.247018,1e-05
2,784,8.280912,1e-05
2,785,7.033708,1e-05
2,786,7.628693,1e-05
2,787,9.579399,1e-05
2,788,9.602978,1e-05
2,789,12.282478,1e-05
2,790,7.256326,1e-05
2,791,6.961869,1e-05
2,792,6.731055,1e-05
2,793,11.33645,1e-05
2,794,7.329576,1e-05
2,795,8.790391,1e-05
2,796,8.303564,1e-05
2,797,7.965139,1e-05
2,798,8.362403,1e-05
2,799,6.64444,1e-05
2,800,10.088921,1e-05
2,801,7.167771,1e-05
2,802,6.610556,1e-05
2,803,12.727585,1e-05
2,804,8.533978,1e-05
2,805,7.035884,1e-05
2,806,10.578278,1e-05
2,807,7.382412,1e-05
2,808,8.929515,1e-05
2,809,8.837032,1e-05
2,810,8.126955,1e-05
2,811,9.734411,1e-05
2,812,7.670045,1e-05
2,813,7.294089,1e-05
2,814,8.183165,1e-05
2,815,7.415323,1e-05
2,816,6.402402,1e-05
2,817,9.330986,1e-05
2,818,9.873167,1e-05
2,819,9.225702,1e-05
2,820,7.25683,1e-05
2,821,6.661558,1e-05
3,0,6.980703,1e-05
3,1,9.160408,1e-05
3,2,8.355451,1e-05
3,3,7.522369,1e-05
3,4,6.397977,1e-05
3,5,7.947912,1e-05
3,6,9.786631,1e-05
3,7,6.180078,1e-05
3,8,6.689305,1e-05
3,9,6.706404,1e-05
3,10,9.821659,1e-05
3,11,6.979213,1e-05
3,12,8.309448,1e-05
3,13,6.794251,1e-05
3,14,7.822204,1e-05
3,15,12.267639,1e-05
3,16,8.119793,1e-05
3,17,6.800963,1e-05
3,18,11.021152,1e-05
3,19,10.929832,1e-05
3,20,8.310735,1e-05
3,21,8.870806,1e-05
3,22,9.335737,1e-05
3,23,8.429207,1e-05
3,24,8.101242,1e-05
3,25,7.193758,1e-05
3,26,8.708464,1e-05
3,27,6.882241,1e-05
3,28,8.454296,1e-05
3,29,6.952747,1e-05
3,30,7.958545,1e-05
3,31,6.192558,1e-05
3,32,7.594539,1e-05
3,33,8.03909,1e-05
3,34,7.883137,1e-05
3,35,6.216532,1e-05
3,36,7.645998,1e-05
3,37,7.724023,1e-05
3,38,9.074503,1e-05
3,39,6.523893,1e-05
3,40,7.185241,1e-05
3,41,7.146925,1e-05
3,42,10.107925,1e-05
3,43,8.021021,1e-05
3,44,6.783702,1e-05
3,45,6.878491,1e-05
3,46,6.646803,1e-05
3,47,7.54577,1e-05
3,48,7.375729,1e-05
3,49,7.50655,1e-05
3,50,8.214854,1e-05
3,51,7.238139,1e-05
3,52,5.999281,1e-05
3,53,10.0355,1e-05
3,54,6.345495,1e-05
3,55,5.939986,1e-05
3,56,7.389174,1e-05
3,57,9.691141,1e-05
3,58,7.292053,1e-05
3,59,6.884447,1e-05
3,60,6.619965,1e-05
3,61,6.705224,1e-05
3,62,6.784044,1e-05
3,63,6.248129,1e-05
3,64,8.898015,1e-05
3,65,8.844682,1e-05
3,66,7.183661,1e-05
3,67,6.939933,1e-05
3,68,5.908846,1e-05
3,69,7.607223,1e-05
3,70,7.689423,1e-05
3,71,7.41654,1e-05
3,72,6.823404,1e-05
3,73,7.312185,1e-05
3,74,6.93681,1e-05
3,75,7.083397,1e-05
3,76,8.597229,1e-05
3,77,8.013447,1e-05
3,78,7.445361,1e-05
3,79,6.648854,1e-05
3,80,5.173443,1e-05
3,81,7.904919,1e-05
3,82,6.579675,1e-05
3,83,7.666705,1e-05
3,84,6.267889,1e-05
3,85,6.22097,1e-05
3,86,8.344684,1e-05
3,87,7.240841,1e-05
3,88,7.427993,1e-05
3,89,8.327478,1e-05
3,90,6.747564,1e-05
3,91,9.824957,1e-05
3,92,11.800742,1e-05
3,93,5.872006,1e-05
3,94,8.778995,1e-05
3,95,7.50261,1e-05
3,96,8.108595,1e-05
3,97,10.09103,1e-05
3,98,6.742252,1e-05
3,99,7.354887,1e-05
3,100,8.17473,1e-05
3,101,8.775218,1e-05
3,102,5.497891,1e-05
3,103,6.526904,1e-05
3,104,8.273438,1e-05
3,105,7.088642,1e-05
3,106,8.475062,1e-05
3,107,6.583439,1e-05
3,108,7.426064,1e-05
3,109,6.609851,1e-05
3,110,6.302893,1e-05
3,111,5.643778,1e-05
3,112,5.679346,1e-05
3,113,5.774712,1e-05
3,114,8.416634,1e-05
3,115,7.812939,1e-05
3,116,7.606995,1e-05
3,117,10.829345,1e-05
3,118,6.990315,1e-05
3,119,6.370501,1e-05
3,120,8.57768,1e-05
3,121,5.782688,1e-05
3,122,8.318264,1e-05
3,123,6.586684,1e-05
3,124,8.311927,1e-05
3,125,9.215332,1e-05
3,126,7.481341,1e-05
3,127,7.063077,1e-05
3,128,6.0061,1e-05
3,129,7.288549,1e-05
3,130,11.967071,1e-05
3,131,6.570797,1e-05
3,132,7.281501,1e-05
3,133,6.209204,1e-05
3,134,9.708264,1e-05
3,135,6.591341,1e-05
3,136,10.47477,1e-05
3,137,7.817946,1e-05
3,138,8.15254,1e-05
3,139,7.171519,1e-05
3,140,5.98159,1e-05
3,141,6.785641,1e-05
3,142,5.60737,1e-05
3,143,9.446751,1e-05
3,144,6.377016,1e-05
3,145,5.873334,1e-05
3,146,9.717439,1e-05
3,147,8.52373,1e-05
3,148,8.104828,1e-05
3,149,5.621986,1e-05
3,150,8.152098,1e-05
3,151,5.413032,1e-05
3,152,6.646486,1e-05
3,153,9.00397,1e-05
3,154,7.709301,1e-05
3,155,7.42168,1e-05
3,156,7.406284,1e-05
3,157,7.580045,1e-05
3,158,6.194698,1e-05
3,159,7.955867,1e-05
3,160,6.523136,1e-05
3,161,6.893267,1e-05
3,162,8.877579,1e-05
3,163,6.787299,1e-05
3,164,6.428792,1e-05
3,165,6.103561,1e-05
3,166,8.119103,1e-05
3,167,6.295629,1e-05
3,168,5.585023,1e-05
3,169,6.564285,1e-05
3,170,6.491057,1e-05
3,171,10.00727,1e-05
3,172,8.056559,1e-05
3,173,6.897661,1e-05
3,174,5.658037,1e-05
3,175,6.784153,1e-05
3,176,6.389893,1e-05
3,177,6.75157,1e-05
3,178,8.441743,1e-05
3,179,7.001583,1e-05
3,180,6.290661,1e-05
3,181,7.538068,1e-05
3,182,6.007382,1e-05
3,183,5.398931,1e-05
3,184,6.486853,1e-05
3,185,6.007986,1e-05
3,186,8.621091,1e-05
3,187,5.831221,1e-05
3,188,6.212591,1e-05
3,189,7.902192,1e-05
3,190,8.156786,1e-05
3,191,7.919508,1e-05
3,192,8.845503,1e-05
3,193,5.642138,1e-05
3,194,6.149013,1e-05
3,195,7.897324,1e-05
3,196,9.285857,1e-05
3,197,8.657515,1e-05
3,198,6.574628,1e-05
3,199,6.638536,1e-05
3,200,8.179369,1e-05
3,201,5.982473,1e-05
3,202,6.186456,1e-05
3,203,7.291255,1e-05
3,204,10.491881,1e-05
3,205,7.354939,1e-05
3,206,8.471877,1e-05
3,207,9.138491,1e-05
3,208,9.523177,1e-05
3,209,6.762963,1e-05
3,210,9.03087,1e-05
3,211,6.691344,1e-05
3,212,7.404849,1e-05
3,213,6.551235,1e-05
3,214,6.148956,1e-05
3,215,6.311132,1e-05
3,216,5.602975,1e-05
3,217,7.01601,1e-05
3,218,8.159647,1e-05
3,219,6.509332,1e-05
3,220,6.60466,1e-05
3,221,7.43082,1e-05
3,222,7.606038,1e-05
3,223,6.579219,1e-05
3,224,6.965247,1e-05
3,225,6.681709,1e-05
3,226,7.56037,1e-05
3,227,5.599954,1e-05
3,228,6.307579,1e-05
3,229,7.158216,1e-05
3,230,7.825842,1e-05
3,231,6.970676,1e-05
3,232,5.982992,1e-05
3,233,7.458093,1e-05
3,234,7.472234,1e-05
3,235,7.274463,1e-05
3,236,7.133878,1e-05
3,237,6.142654,1e-05
3,238,6.84684,1e-05
3,239,6.247965,1e-05
3,240,5.149409,1e-05
3,241,6.418622,1e-05
3,242,6.44664,1e-05
3,243,6.130227,1e-05
3,244,6.82548,1e-05
3,245,6.398001,1e-05
3,246,7.020001,1e-05
3,247,6.342286,1e-05
3,248,6.447763,1e-05
3,249,6.154154,1e-05
3,250,6.981837,1e-05
3,251,7.103521,1e-05
3,252,10.300673,1e-05
3,253,7.085975,1e-05
3,254,5.668918,1e-05
3,255,5.129704,1e-05
3,256,7.607037,1e-05
3,257,6.879601,1e-05
3,258,5.916136,1e-05
3,259,7.239359,1e-05
3,260,7.145262,1e-05
3,261,8.412885,1e-05
3,262,5.951323,1e-05
3,263,6.028117,1e-05
3,264,8.925817,1e-05
3,265,6.255847,1e-05
3,266,6.99463,1e-05
3,267,7.220433,1e-05
3,268,7.267657,1e-05
3,269,7.94696,1e-05
3,270,6.772805,1e-05
3,271,6.904407,1e-05
3,272,6.521624,1e-05
3,273,7.59649,1e-05
3,274,5.657219,1e-05
3,275,5.868217,1e-05
3,276,7.488509,1e-05
3,277,7.868924,1e-05
3,278,6.992517,1e-05
3,279,5.952734,1e-05
3,280,6.102779,1e-05
3,281,5.893055,1e-05
3,282,6.115213,1e-05
3,283,9.767058,1e-05
3,284,9.371591,1e-05
3,285,7.038095,1e-05
3,286,5.496731,1e-05
3,287,5.51325,1e-05
3,288,6.040127,1e-05
3,289,6.011082,1e-05
3,290,6.414827,1e-05
3,291,6.412706,1e-05
3,292,6.74962,1e-05
3,293,5.830089,1e-05
3,294,6.388369,1e-05
3,295,6.491015,1e-05
3,296,9.291486,1e-05
3,297,5.68873,1e-05
3,298,6.586371,1e-05
3,299,8.06723,1e-05
3,300,6.605577,1e-05
3,301,7.226723,1e-05
3,302,6.331603,1e-05
3,303,5.797929,1e-05
3,304,7.736476,1e-05
3,305,6.63857,1e-05
3,306,7.611954,1e-05
3,307,5.56272,1e-05
3,308,6.111694,1e-05
3,309,6.410561,1e-05
3,310,6.295212,1e-05
3,311,7.462353,1e-05
3,312,7.438842,1e-05
3,313,6.147977,1e-05
3,314,6.003169,1e-05
3,315,5.760532,1e-05
3,316,7.912889,1e-05
3,317,6.196138,1e-05
3,318,5.693301,1e-05
3,319,6.811269,1e-05
3,320,7.761297,1e-05
3,321,6.508897,1e-05
3,322,6.145202,1e-05
3,323,7.060725,1e-05
3,324,5.847374,1e-05
3,325,6.554223,1e-05
3,326,6.204253,1e-05
3,327,7.080076,1e-05
3,328,7.273941,1e-05
3,329,8.192085,1e-05
3,330,8.350058,1e-05
3,331,6.499918,1e-05
3,332,5.497059,1e-05
3,333,6.205539,1e-05
3,334,5.709269,1e-05
3,335,5.506617,1e-05
3,336,6.079438,1e-05
3,337,6.689528,1e-05
3,338,7.361901,1e-05
3,339,8.761195,1e-05
3,340,6.39814,1e-05
3,341,7.110141,1e-05
3,342,6.086314,1e-05
3,343,6.247617,1e-05
3,344,6.28857,1e-05
3,345,5.972633,1e-05
3,346,5.18607,1e-05
3,347,7.334505,1e-05
3,348,6.354119,1e-05
3,349,6.133835,1e-05
3,350,7.401959,1e-05
3,351,7.389104,1e-05
3,352,7.949972,1e-05
3,353,7.423704,1e-05
3,354,5.569484,1e-05
3,355,5.954474,1e-05
3,356,6.404685,1e-05
3,357,5.220041,1e-05
3,358,7.336243,1e-05
3,359,7.908355,1e-05
3,360,6.51752,1e-05
3,361,5.574416,1e-05
3,362,6.830745,1e-05
3,363,6.508251,1e-05
3,364,6.048968,1e-05
3,365,6.63598,1e-05
3,366,7.366199,1e-05
3,367,5.85861,1e-05
3,368,6.258887,1e-05
3,369,6.865469,1e-05
3,370,6.005045,1e-05
3,371,5.822523,1e-05
3,372,4.845476,1e-05
3,373,7.604969,1e-05
3,374,6.204917,1e-05
3,375,7.324591,1e-05
3,376,6.719645,1e-05
3,377,5.188161,1e-05
3,378,6.905402,1e-05
3,379,5.635463,1e-05
3,380,6.307188,1e-05
3,381,5.112952,1e-05
3,382,7.079365,1e-05
3,383,5.858653,1e-05
3,384,7.076227,1e-05
3,385,8.283693,1e-05
3,386,5.375162,1e-05
3,387,6.078234,1e-05
3,388,6.141118,1e-05
3,389,6.393307,1e-05
3,390,7.326208,1e-05
3,391,7.171451,1e-05
3,392,6.815614,1e-05
3,393,6.990516,1e-05
3,394,7.565329,1e-05
3,395,6.507773,1e-05
3,396,6.17248,1e-05
3,397,6.449793,1e-05
3,398,5.784245,1e-05
3,399,6.768721,1e-05
3,400,6.584898,1e-05
3,401,6.773108,1e-05
3,402,6.021604,1e-05
3,403,5.992557,1e-05
3,404,6.013988,1e-05
3,405,7.971418,1e-05
3,406,4.998395,1e-05
3,407,6.924957,1e-05
3,408,6.090529,1e-05
3,409,6.187566,1e-05
3,410,6.41995,1e-05
3,411,8.857716,1e-05
3,412,6.738608,1e-05
3,413,7.813666,1e-05
3,414,8.044386,1e-05
3,415,5.200645,1e-05
3,416,5.053682,1e-05
3,417,5.237342,1e-05
3,418,5.916491,1e-05
3,419,5.688005,1e-05
3,420,5.742079,1e-05
3,421,7.039858,1e-05
3,422,6.433359,1e-05
3,423,5.821869,1e-05
3,424,6.501987,1e-05
3,425,7.627677,1e-05
3,426,6.12611,1e-05
3,427,5.465352,1e-05
3,428,6.755432,1e-05
3,429,6.405747,1e-05
3,430,6.265584,1e-05
3,431,5.700547,1e-05
3,432,6.404534,1e-05
3,433,8.949463,1e-05
3,434,6.648506,1e-05
3,435,7.547023,1e-05
3,436,6.086642,1e-05
3,437,5.895825,1e-05
3,438,6.38681,1e-05
3,439,6.282476,1e-05
3,440,6.729451,1e-05
3,441,5.478117,1e-05
3,442,5.953506,1e-05
3,443,8.684917,1e-05
3,444,6.189929,1e-05
3,445,6.686264,1e-05
3,446,6.153959,1e-05
3,447,5.458005,1e-05
3,448,5.390523,1e-05
3,449,6.711851,1e-05
3,450,6.708825,1e-05
3,451,6.182183,1e-05
3,452,6.41881,1e-05
3,453,7.177873,1e-05
3,454,6.994639,1e-05
3,455,7.114627,1e-05
3,456,5.349496,1e-05
3,457,6.228498,1e-05
3,458,6.949725,1e-05
3,459,6.37034,1e-05
3,460,5.993002,1e-05
3,461,5.236653,1e-05
3,462,6.803673,1e-05
3,463,6.007434,1e-05
3,464,5.05409,1e-05
3,465,5.580852,1e-05
3,466,6.892877,1e-05
3,467,5.040518,1e-05
3,468,5.109698,1e-05
3,469,6.568088,1e-05
3,470,7.430571,1e-05
3,471,5.163504,1e-05
3,472,6.55393,1e-05
3,473,5.907816,1e-05
3,474,5.85967,1e-05
3,475,5.67387,1e-05
3,476,5.951893,1e-05
3,477,5.751268,1e-05
3,478,5.011392,1e-05
3,479,5.186018,1e-05
3,480,9.606667,1e-05
3,481,6.283769,1e-05
3,482,5.391182,1e-05
3,483,5.159981,1e-05
3,484,6.577518,1e-05
3,485,6.447668,1e-05
3,486,5.765547,1e-05
3,487,5.883346,1e-05
3,488,6.695679,1e-05
3,489,6.013006,1e-05
3,490,6.323514,1e-05
3,491,6.523993,1e-05
3,492,5.623871,1e-05
3,493,6.122267,1e-05
3,494,5.035773,1e-05
3,495,5.366069,1e-05
3,496,6.434146,1e-05
3,497,6.872526,1e-05
3,498,5.09268,1e-05
3,499,6.622497,1e-05
3,500,7.124932,1e-05
3,501,7.181741,1e-05
3,502,5.189564,1e-05
3,503,5.106907,1e-05
3,504,5.956914,1e-05
3,505,5.714626,1e-05
3,506,5.745896,1e-05
3,507,5.62329,1e-05
3,508,6.244524,1e-05
3,509,5.558284,1e-05
3,510,5.225299,1e-05
3,511,5.271919,1e-05
3,512,7.184625,1e-05
3,513,6.983316,1e-05
3,514,6.120665,1e-05
3,515,5.813059,1e-05
3,516,4.941379,1e-05
3,517,5.884522,1e-05
3,518,6.745599,1e-05
3,519,6.696958,1e-05
3,520,8.849663,1e-05
3,521,5.95792,1e-05
3,522,5.088664,1e-05
3,523,5.616744,1e-05
3,524,6.754899,1e-05
3,525,6.236415,1e-05
3,526,6.305969,1e-05
3,527,5.776796,1e-05
3,528,5.440304,1e-05
3,529,5.54516,1e-05
3,530,6.757966,1e-05
3,531,6.448741,1e-05
3,532,6.497334,1e-05
3,533,5.501041,1e-05
3,534,5.608526,1e-05
3,535,5.529936,1e-05
3,536,6.130848,1e-05
3,537,5.166379,1e-05
3,538,6.672225,1e-05
3,539,7.231266,1e-05
3,540,5.30086,1e-05
3,541,5.872356,1e-05
3,542,4.838295,1e-05
3,543,4.794642,1e-05
3,544,6.11646,1e-05
3,545,6.27349,1e-05
3,546,5.187165,1e-05
3,547,5.597183,1e-05
3,548,5.576986,1e-05
3,549,5.974409,1e-05
3,550,5.725516,1e-05
3,551,6.611968,1e-05
3,552,6.763878,1e-05
3,553,6.543356,1e-05
3,554,5.540783,1e-05
3,555,6.205042,1e-05
3,556,5.363141,1e-05
3,557,5.607478,1e-05
3,558,6.024617,1e-05
3,559,5.393838,1e-05
3,560,6.157208,1e-05
3,561,5.807362,1e-05
3,562,5.818368,1e-05
3,563,5.178946,1e-05
3,564,5.560793,1e-05
3,565,8.150496,1e-05
3,566,7.649325,1e-05
3,567,5.399542,1e-05
3,568,5.72854,1e-05
3,569,6.138823,1e-05
3,570,6.284105,1e-05
3,571,5.81824,1e-05
3,572,6.267691,1e-05
3,573,5.260456,1e-05
3,574,5.301577,1e-05
3,575,4.605555,1e-05
3,576,5.196651,1e-05
3,577,6.263634,1e-05
3,578,7.22958,1e-05
3,579,8.660035,1e-05
3,580,5.650129,1e-05
3,581,5.838233,1e-05
3,582,6.936997,1e-05
3,583,5.993844,1e-05
3,584,5.689382,1e-05
3,585,7.664382,1e-05
3,586,5.624833,1e-05
3,587,6.051378,1e-05
3,588,7.736405,1e-05
3,589,7.488647,1e-05
3,590,5.723618,1e-05
3,591,6.794832,1e-05
3,592,5.583498,1e-05
3,593,6.321067,1e-05
3,594,5.74727,1e-05
3,595,6.127717,1e-05
3,596,5.67949,1e-05
3,597,6.095045,1e-05
3,598,5.431863,1e-05
3,599,5.97051,1e-05
3,600,5.188562,1e-05
3,601,5.828912,1e-05
3,602,7.299891,1e-05
3,603,5.078719,1e-05
3,604,5.239938,1e-05
3,605,4.961681,1e-05
3,606,6.501495,1e-05
3,607,8.412703,1e-05
3,608,5.229093,1e-05
3,609,6.025515,1e-05
3,610,5.360626,1e-05
3,611,5.976163,1e-05
3,612,5.571782,1e-05
3,613,5.326768,1e-05
3,614,5.457462,1e-05
3,615,5.817486,1e-05
3,616,6.466435,1e-05
3,617,6.305437,1e-05
3,618,5.819104,1e-05
3,619,7.005066,1e-05
3,620,5.008717,1e-05
3,621,6.106702,1e-05
3,622,5.66821,1e-05
3,623,5.041101,1e-05
3,624,6.068648,1e-05
3,625,7.666353,1e-05
3,626,5.906747,1e-05
3,627,9.372202,1e-05
3,628,7.819029,1e-05
3,629,4.90763,1e-05
3,630,7.066452,1e-05
3,631,7.305476,1e-05
3,632,6.094069,1e-05
3,633,5.034823,1e-05
3,634,6.268573,1e-05
3,635,5.067325,1e-05
3,636,7.628635,1e-05
3,637,6.737306,1e-05
3,638,7.427021,1e-05
3,639,6.051481,1e-05
3,640,5.307024,1e-05
3,641,5.121925,1e-05
3,642,5.96894,1e-05
3,643,6.732963,1e-05
3,644,6.691234,1e-05
3,645,4.88053,1e-05
3,646,5.515512,1e-05
3,647,5.881656,1e-05
3,648,6.339747,1e-05
3,649,5.400976,1e-05
3,650,5.06472,1e-05
3,651,5.249422,1e-05
3,652,6.183056,1e-05
3,653,6.230678,1e-05
3,654,5.242507,1e-05
3,655,5.234933,1e-05
3,656,5.524988,1e-05
3,657,5.949816,1e-05
3,658,6.778447,1e-05
3,659,5.002272,1e-05
3,660,5.40853,1e-05
3,661,5.877051,1e-05
3,662,5.088122,1e-05
3,663,5.6367,1e-05
3,664,5.30901,1e-05
3,665,5.64175,1e-05
3,666,5.186642,1e-05
3,667,5.719045,1e-05
3,668,6.880033,1e-05
3,669,6.163375,1e-05
3,670,6.005047,1e-05
3,671,6.567941,1e-05
3,672,5.187139,1e-05
3,673,4.702682,1e-05
3,674,5.537079,1e-05
3,675,6.032786,1e-05
3,676,5.021701,1e-05
3,677,6.248719,1e-05
3,678,5.143189,1e-05
3,679,5.925031,1e-05
3,680,4.768005,1e-05
3,681,6.924654,1e-05
3,682,6.542467,1e-05
3,683,5.67977,1e-05
3,684,6.004485,1e-05
3,685,5.629206,1e-05
3,686,6.138863,1e-05
3,687,5.410997,1e-05
3,688,5.74938,1e-05
3,689,5.628617,1e-05
3,690,5.397502,1e-05
3,691,6.016081,1e-05
3,692,5.265792,1e-05
3,693,5.860325,1e-05
3,694,5.541854,1e-05
3,695,5.481746,1e-05
3,696,7.288386,1e-05
3,697,5.476922,1e-05
3,698,5.616784,1e-05
3,699,5.26871,1e-05
3,700,5.115705,1e-05
3,701,5.637634,1e-05
3,702,7.392681,1e-05
3,703,6.296597,1e-05
3,704,7.046007,1e-05
3,705,4.883331,1e-05
3,706,5.008331,1e-05
3,707,6.210649,1e-05
3,708,6.310778,1e-05
3,709,5.277746,1e-05
3,710,6.344084,1e-05
3,711,5.732823,1e-05
3,712,6.368922,1e-05
3,713,5.901046,1e-05
3,714,5.508771,1e-05
3,715,6.664632,1e-05
3,716,5.067153,1e-05
3,717,4.746355,1e-05
3,718,5.412394,1e-05
3,719,5.767209,1e-05
3,720,5.972189,1e-05
3,721,4.975471,1e-05
3,722,4.965187,1e-05
3,723,7.849773,1e-05
3,724,5.465272,1e-05
3,725,6.070054,1e-05
3,726,5.426136,1e-05
3,727,5.712977,1e-05
3,728,5.323725,1e-05
3,729,5.290867,1e-05
3,730,5.567127,1e-05
3,731,4.862984,1e-05
3,732,5.239869,1e-05
3,733,4.989226,1e-05
3,734,7.050271,1e-05
3,735,4.509704,1e-05
3,736,5.770781,1e-05
3,737,6.668985,1e-05
3,738,7.51221,1e-05
3,739,5.762526,1e-05
3,740,6.589363,1e-05
3,741,6.14135,1e-05
3,742,4.899823,1e-05
3,743,6.994476,1e-05
3,744,6.045769,1e-05
3,745,5.013249,1e-05
3,746,6.136892,1e-05
3,747,4.550026,1e-05
3,748,5.413627,1e-05
3,749,4.907967,1e-05
3,750,5.743414,1e-05
3,751,6.321898,1e-05
3,752,5.41189,1e-05
3,753,4.793019,1e-05
3,754,5.429599,1e-05
3,755,5.447218,1e-05
3,756,4.691718,1e-05
3,757,5.518424,1e-05
3,758,5.817269,1e-05
3,759,5.358647,1e-05
3,760,6.009589,1e-05
3,761,5.634283,1e-05
3,762,5.971051,1e-05
3,763,5.717719,1e-05
3,764,6.799416,1e-05
3,765,4.721413,1e-05
3,766,4.956787,1e-05
3,767,5.600096,1e-05
3,768,5.558817,1e-05
3,769,5.291312,1e-05
3,770,6.484537,1e-05
3,771,5.32125,1e-05
3,772,5.727109,1e-05
3,773,5.881783,1e-05
3,774,5.862871,1e-05
3,775,4.914811,1e-05
3,776,5.964701,1e-05
3,777,5.433311,1e-05
3,778,5.738229,1e-05
3,779,5.330587,1e-05
3,780,6.572838,1e-05
3,781,5.273056,1e-05
3,782,4.959626,1e-05
3,783,6.169762,1e-05
3,784,6.788968,1e-05
3,785,5.1738,1e-05
3,786,7.352765,1e-05
3,787,5.687651,1e-05
3,788,6.336398,1e-05
3,789,5.596683,1e-05
3,790,5.585089,1e-05
3,791,5.578686,1e-05
3,792,5.057206,1e-05
3,793,6.088026,1e-05
3,794,5.353292,1e-05
3,795,5.624681,1e-05
3,796,6.107122,1e-05
3,797,5.315367,1e-05
3,798,5.926982,1e-05
3,799,7.916308,1e-05
3,800,6.655382,1e-05
3,801,5.146031,1e-05
3,802,4.731315,1e-05
3,803,5.686134,1e-05
3,804,6.217294,1e-05
3,805,5.590722,1e-05
3,806,6.177567,1e-05
3,807,6.302444,1e-05
3,808,6.715105,1e-05
3,809,4.555122,1e-05
3,810,5.700597,1e-05
3,811,5.634706,1e-05
3,812,6.30311,1e-05
3,813,6.096537,1e-05
3,814,5.363482,1e-05
3,815,5.331318,1e-05
3,816,6.030988,1e-05
3,817,4.680009,1e-05
3,818,6.928332,1e-05
3,819,6.28668,1e-05
3,820,6.317046,1e-05
3,821,5.147295,1e-05
4,0,4.965138,1e-05
4,1,5.987118,1e-05
4,2,5.87868,1e-05
4,3,4.534673,1e-05
4,4,5.008974,1e-05
4,5,5.379456,1e-05
4,6,7.479601,1e-05
4,7,4.533476,1e-05
4,8,5.027125,1e-05
4,9,5.596183,1e-05
4,10,4.839312,1e-05
4,11,5.749516,1e-05
4,12,4.871478,1e-05
4,13,6.907866,1e-05
4,14,7.134352,1e-05
4,15,6.266931,1e-05
4,16,6.337832,1e-05
4,17,5.003344,1e-05
4,18,4.820737,1e-05
4,19,5.849028,1e-05
4,20,5.798865,1e-05
4,21,5.205037,1e-05
4,22,6.11216,1e-05
4,23,5.550289,1e-05
4,24,5.074629,1e-05
4,25,5.254029,1e-05
4,26,5.713655,1e-05
4,27,5.697598,1e-05
4,28,5.504905,1e-05
4,29,6.072931,1e-05
4,30,7.381886,1e-05
4,31,7.059572,1e-05
4,32,5.927901,1e-05
4,33,4.707964,1e-05
4,34,5.538352,1e-05
4,35,6.194488,1e-05
4,36,5.931886,1e-05
4,37,5.882413,1e-05
4,38,7.138862,1e-05
4,39,7.252218,1e-05
4,40,4.75604,1e-05
4,41,6.549551,1e-05
4,42,4.925777,1e-05
4,43,6.698182,1e-05
4,44,5.9658,1e-05
4,45,4.834833,1e-05
4,46,5.897775,1e-05
4,47,6.125464,1e-05
4,48,4.844916,1e-05
4,49,6.578585,1e-05
4,50,4.769362,1e-05
4,51,5.028303,1e-05
4,52,5.499483,1e-05
4,53,5.939702,1e-05
4,54,4.739326,1e-05
4,55,6.70639,1e-05
4,56,5.859278,1e-05
4,57,5.176432,1e-05
4,58,6.672511,1e-05
4,59,5.70597,1e-05
4,60,4.94963,1e-05
4,61,5.035738,1e-05
4,62,5.329213,1e-05
4,63,5.578955,1e-05
4,64,5.396622,1e-05
4,65,4.923759,1e-05
4,66,4.616443,1e-05
4,67,6.883358,1e-05
4,68,5.814444,1e-05
4,69,5.53603,1e-05
4,70,5.712616,1e-05
4,71,5.470594,1e-05
4,72,5.339787,1e-05
4,73,6.735366,1e-05
4,74,6.325562,1e-05
4,75,5.278104,1e-05
4,76,4.417157,1e-05
4,77,6.940639,1e-05
4,78,5.280232,1e-05
4,79,7.06533,1e-05
4,80,5.486032,1e-05
4,81,4.89374,1e-05
4,82,5.601107,1e-05
4,83,4.475921,1e-05
4,84,6.169163,1e-05
4,85,5.036586,1e-05
4,86,5.501346,1e-05
4,87,5.099205,1e-05
4,88,5.125821,1e-05
4,89,5.211469,1e-05
4,90,5.179261,1e-05
4,91,5.453834,1e-05
4,92,5.541632,1e-05
4,93,5.53208,1e-05
4,94,5.026274,1e-05
4,95,4.88626,1e-05
4,96,6.664066,1e-05
4,97,5.558953,1e-05
4,98,4.618515,1e-05
4,99,6.346111,1e-05
4,100,5.879169,1e-05
4,101,5.274947,1e-05
4,102,6.733928,1e-05
4,103,6.260636,1e-05
4,104,5.003179,1e-05
4,105,5.132401,1e-05
4,106,5.338196,1e-05
4,107,5.51733,1e-05
4,108,6.078549,1e-05
4,109,5.469072,1e-05
4,110,4.824336,1e-05
4,111,6.584632,1e-05
4,112,6.067089,1e-05
4,113,5.427759,1e-05
4,114,6.121699,1e-05
4,115,5.079087,1e-05
4,116,5.347828,1e-05
4,117,5.708999,1e-05
4,118,5.277873,1e-05
4,119,5.520147,1e-05
4,120,5.523685,1e-05
4,121,4.916318,1e-05
4,122,5.163213,1e-05
4,123,6.311817,1e-05
4,124,5.366622,1e-05
4,125,5.326941,1e-05
4,126,6.007338,1e-05
4,127,5.266512,1e-05
4,128,6.120632,1e-05
4,129,5.782553,1e-05
4,130,4.888395,1e-05
4,131,4.835891,1e-05
4,132,5.29522,1e-05
4,133,6.07649,1e-05
4,134,5.005158,1e-05
4,135,5.435409,1e-05
4,136,8.037355,1e-05
4,137,5.813382,1e-05
4,138,6.927896,1e-05
4,139,5.482789,1e-05
4,140,5.275483,1e-05
4,141,6.65342,1e-05
4,142,4.822976,1e-05
4,143,5.064613,1e-05
4,144,5.464322,1e-05
4,145,5.067853,1e-05
4,146,5.078337,1e-05
4,147,5.725894,1e-05
4,148,6.248207,1e-05
4,149,4.809957,1e-05
4,150,5.03223,1e-05
4,151,5.608742,1e-05
4,152,5.728597,1e-05
4,153,6.476875,1e-05
4,154,5.061094,1e-05
4,155,5.314497,1e-05
4,156,4.837589,1e-05
4,157,4.742797,1e-05
4,158,4.935084,1e-05
4,159,5.100237,1e-05
4,160,5.296075,1e-05
4,161,5.001475,1e-05
4,162,5.953709,1e-05
4,163,5.982302,1e-05
4,164,5.167351,1e-05
4,165,6.05993,1e-05
4,166,6.151256,1e-05
4,167,5.371938,1e-05
4,168,6.040674,1e-05
4,169,5.677414,1e-05
4,170,5.007338,1e-05
4,171,5.255527,1e-05
4,172,4.39117,1e-05
4,173,4.99172,1e-05
4,174,4.89051,1e-05
4,175,5.720115,1e-05
4,176,5.360269,1e-05
4,177,4.973521,1e-05
4,178,5.398912,1e-05
4,179,6.04523,1e-05
4,180,4.690636,1e-05
4,181,6.120275,1e-05
4,182,5.046289,1e-05
4,183,5.19342,1e-05
4,184,5.07895,1e-05
4,185,6.731019,1e-05
4,186,5.584634,1e-05
4,187,6.491574,1e-05
4,188,6.130971,1e-05
4,189,5.159727,1e-05
4,190,4.681972,1e-05
4,191,6.093417,1e-05
4,192,6.915594,1e-05
4,193,6.642925,1e-05
4,194,6.00417,1e-05
4,195,5.493268,1e-05
4,196,4.466401,1e-05
4,197,5.200704,1e-05
4,198,5.348502,1e-05
4,199,4.588874,1e-05
4,200,4.867636,1e-05
4,201,5.247593,1e-05
4,202,5.792392,1e-05
4,203,5.07662,1e-05
4,204,4.984431,1e-05
4,205,5.345623,1e-05
4,206,5.451876,1e-05
4,207,5.83889,1e-05
4,208,5.4911,1e-05
4,209,5.802441,1e-05
4,210,6.830699,1e-05
4,211,4.894193,1e-05
4,212,4.996758,1e-05
4,213,5.944966,1e-05
4,214,4.272265,1e-05
4,215,5.576266,1e-05
4,216,4.838019,1e-05
4,217,4.787515,1e-05
4,218,4.740172,1e-05
4,219,4.843685,1e-05
4,220,4.56502,1e-05
4,221,4.965418,1e-05
4,222,5.094688,1e-05
4,223,6.416315,1e-05
4,224,5.285146,1e-05
4,225,6.176775,1e-05
4,226,5.042294,1e-05
4,227,5.359571,1e-05
4,228,5.929836,1e-05
4,229,6.27142,1e-05
4,230,5.831385,1e-05
4,231,6.119737,1e-05
4,232,5.948622,1e-05
4,233,5.466209,1e-05
4,234,5.033752,1e-05
4,235,5.097187,1e-05
4,236,5.057464,1e-05
4,237,4.860346,1e-05
4,238,4.797425,1e-05
4,239,5.677796,1e-05
4,240,4.871511,1e-05
4,241,4.874235,1e-05
4,242,7.091297,1e-05
4,243,4.617517,1e-05
4,244,5.271229,1e-05
4,245,5.064058,1e-05
4,246,6.848124,1e-05
4,247,5.483759,1e-05
4,248,4.854191,1e-05
4,249,4.908502,1e-05
4,250,5.043723,1e-05
4,251,5.507508,1e-05
4,252,4.967124,1e-05
4,253,6.323163,1e-05
4,254,5.498956,1e-05
4,255,5.584175,1e-05
4,256,6.018097,1e-05
4,257,4.613488,1e-05
4,258,4.758038,1e-05
4,259,6.025945,1e-05
4,260,4.461426,1e-05
4,261,5.427369,1e-05
4,262,5.174694,1e-05
4,263,6.032987,1e-05
4,264,5.036768,1e-05
4,265,5.043126,1e-05
4,266,6.458652,1e-05
4,267,5.190804,1e-05
4,268,5.025205,1e-05
4,269,6.279027,1e-05
4,270,6.2533,1e-05
4,271,6.859534,1e-05
4,272,6.111034,1e-05
4,273,4.969146,1e-05
4,274,5.163386,1e-05
4,275,5.550456,1e-05
4,276,4.817842,1e-05
4,277,5.866212,1e-05
4,278,5.558258,1e-05
4,279,5.634496,1e-05
4,280,4.445806,1e-05
4,281,4.876311,1e-05
4,282,5.481507,1e-05
4,283,5.325239,1e-05
4,284,5.336532,1e-05
4,285,5.052934,1e-05
4,286,6.962039,1e-05
4,287,4.925852,1e-05
4,288,4.953706,1e-05
4,289,5.322716,1e-05
4,290,6.67081,1e-05
4,291,5.728865,1e-05
4,292,4.649723,1e-05
4,293,5.561144,1e-05
4,294,4.855073,1e-05
4,295,5.273162,1e-05
4,296,4.716644,1e-05
4,297,5.747981,1e-05
4,298,6.137865,1e-05
4,299,5.937932,1e-05
4,300,5.087509,1e-05
4,301,6.378524,1e-05
4,302,4.498425,1e-05
4,303,5.52667,1e-05
4,304,5.847218,1e-05
4,305,4.687654,1e-05
4,306,5.187024,1e-05
4,307,5.195616,1e-05
4,308,5.686112,1e-05
4,309,6.195662,1e-05
4,310,4.702246,1e-05
4,311,5.859732,1e-05
4,312,5.812229,1e-05
4,313,5.357869,1e-05
4,314,4.52823,1e-05
4,315,6.039005,1e-05
4,316,5.400331,1e-05
4,317,4.890402,1e-05
4,318,6.274415,1e-05
4,319,4.44377,1e-05
4,320,5.037359,1e-05
4,321,5.511872,1e-05
4,322,5.381536,1e-05
4,323,5.203747,1e-05
4,324,5.987769,1e-05
4,325,4.676429,1e-05
4,326,5.910809,1e-05
4,327,5.862011,1e-05
4,328,5.228651,1e-05
4,329,4.927758,1e-05
4,330,4.631449,1e-05
4,331,5.111457,1e-05
4,332,5.230599,1e-05
4,333,6.174701,1e-05
4,334,5.963542,1e-05
4,335,5.866319,1e-05
4,336,5.623953,1e-05
4,337,5.174219,1e-05
4,338,5.706574,1e-05
4,339,5.163309,1e-05
4,340,5.295752,1e-05
4,341,6.405143,1e-05
4,342,5.144001,1e-05
4,343,5.302404,1e-05
4,344,6.712623,1e-05
4,345,4.7,1e-05
4,346,5.388066,1e-05
4,347,4.486715,1e-05
4,348,6.168464,1e-05
4,349,6.266647,1e-05
4,350,5.732814,1e-05
4,351,5.288265,1e-05
4,352,4.667464,1e-05
4,353,4.932024,1e-05
4,354,6.151934,1e-05
4,355,4.3135,1e-05
4,356,5.126711,1e-05
4,357,4.375771,1e-05
4,358,6.064583,1e-05
4,359,4.470534,1e-05
4,360,5.044065,1e-05
4,361,5.050585,1e-05
4,362,5.416718,1e-05
4,363,5.4213,1e-05
4,364,5.741101,1e-05
4,365,5.215761,1e-05
4,366,5.654944,1e-05
4,367,6.244894,1e-05
4,368,4.810261,1e-05
4,369,5.052981,1e-05
4,370,4.520708,1e-05
4,371,6.078207,1e-05
4,372,4.612767,1e-05
4,373,4.573409,1e-05
4,374,5.975722,1e-05
4,375,4.453536,1e-05
4,376,4.815611,1e-05
4,377,5.473298,1e-05
4,378,4.998958,1e-05
4,379,5.91367,1e-05
4,380,5.408841,1e-05
4,381,5.193062,1e-05
4,382,5.119679,1e-05
4,383,4.539531,1e-05
4,384,5.128566,1e-05
4,385,6.119155,1e-05
4,386,5.701041,1e-05
4,387,4.438716,1e-05
4,388,5.421032,1e-05
4,389,5.159057,1e-05
4,390,5.204681,1e-05
4,391,5.677317,1e-05
4,392,5.401962,1e-05
4,393,4.908674,1e-05
4,394,4.614472,1e-05
4,395,5.37071,1e-05
4,396,5.891637,1e-05
4,397,4.869612,1e-05
4,398,4.695427,1e-05
4,399,5.737103,1e-05
4,400,6.207051,1e-05
4,401,5.458909,1e-05
4,402,5.643534,1e-05
4,403,4.54075,1e-05
4,404,4.527908,1e-05
4,405,5.411986,1e-05
4,406,5.906295,1e-05
4,407,4.569274,1e-05
4,408,4.967345,1e-05
4,409,4.58988,1e-05
4,410,4.84832,1e-05
4,411,5.566105,1e-05
4,412,6.90282,1e-05
4,413,5.139546,1e-05
4,414,5.413727,1e-05
4,415,5.507143,1e-05
4,416,5.154824,1e-05
4,417,5.783864,1e-05
4,418,5.217165,1e-05
4,419,5.79676,1e-05
4,420,5.711454,1e-05
4,421,4.698279,1e-05
4,422,5.27469,1e-05
4,423,5.440439,1e-05
4,424,4.958076,1e-05
4,425,4.58661,1e-05
4,426,5.244184,1e-05
4,427,5.023506,1e-05
4,428,4.337152,1e-05
4,429,5.215641,1e-05
4,430,6.393539,1e-05
4,431,4.683229,1e-05
4,432,4.790119,1e-05
4,433,5.15117,1e-05
4,434,5.881001,1e-05
4,435,5.367718,1e-05
4,436,4.982848,1e-05
4,437,4.467127,1e-05
4,438,4.514812,1e-05
4,439,5.512661,1e-05
4,440,4.508634,1e-05
4,441,6.119105,1e-05
4,442,5.467475,1e-05
4,443,5.592064,1e-05
4,444,4.861464,1e-05
4,445,4.130649,1e-05
4,446,4.997867,1e-05
4,447,5.921121,1e-05
4,448,5.591406,1e-05
4,449,5.234002,1e-05
4,450,4.370699,1e-05
4,451,5.059427,1e-05
4,452,5.471972,1e-05
4,453,5.725149,1e-05
4,454,5.234502,1e-05
4,455,5.108791,1e-05
4,456,4.792163,1e-05
4,457,5.876063,1e-05
4,458,4.929937,1e-05
4,459,4.829035,1e-05
4,460,6.074051,1e-05
4,461,5.301843,1e-05
4,462,5.722256,1e-05
4,463,5.017949,1e-05
4,464,5.84656,1e-05
4,465,4.848981,1e-05
4,466,5.295438,1e-05
4,467,4.945807,1e-05
4,468,5.473757,1e-05
4,469,4.616719,1e-05
4,470,6.555445,1e-05
4,471,5.444654,1e-05
4,472,5.892317,1e-05
4,473,5.321824,1e-05
4,474,5.098405,1e-05
4,475,4.72377,1e-05
4,476,4.456028,1e-05
4,477,4.55373,1e-05
4,478,6.298348,1e-05
4,479,5.350788,1e-05
4,480,4.460188,1e-05
4,481,4.758619,1e-05
4,482,4.859832,1e-05
4,483,5.01664,1e-05
4,484,5.835032,1e-05
4,485,5.059449,1e-05
4,486,5.403886,1e-05
4,487,4.743331,1e-05
4,488,5.139834,1e-05
4,489,4.623288,1e-05
4,490,4.836845,1e-05
4,491,5.816954,1e-05
4,492,4.838293,1e-05
4,493,5.190209,1e-05
4,494,6.091838,1e-05
4,495,5.089565,1e-05
4,496,5.492969,1e-05
4,497,4.445872,1e-05
4,498,5.504336,1e-05
4,499,5.188817,1e-05
4,500,5.127869,1e-05
4,501,5.105878,1e-05
4,502,5.506479,1e-05
4,503,5.456959,1e-05
4,504,4.850956,1e-05
4,505,4.937507,1e-05
4,506,5.305502,1e-05
4,507,4.988288,1e-05
4,508,5.79583,1e-05
4,509,5.415162,1e-05
4,510,4.829106,1e-05
4,511,4.692313,1e-05
4,512,5.268423,1e-05
4,513,5.154108,1e-05
4,514,5.078146,1e-05
4,515,6.577834,1e-05
4,516,4.799601,1e-05
4,517,4.460303,1e-05
4,518,5.663435,1e-05
4,519,5.305839,1e-05
4,520,4.800587,1e-05
4,521,4.905567,1e-05
4,522,5.293151,1e-05
4,523,5.454071,1e-05
4,524,5.732226,1e-05
4,525,5.522136,1e-05
4,526,4.989124,1e-05
4,527,4.952058,1e-05
4,528,5.000291,1e-05
4,529,5.047945,1e-05
4,530,4.744217,1e-05
4,531,4.428647,1e-05
4,532,6.658975,1e-05
4,533,5.003746,1e-05
4,534,6.081852,1e-05
4,535,4.319755,1e-05
4,536,4.925557,1e-05
4,537,5.697541,1e-05
4,538,5.206553,1e-05
4,539,5.034728,1e-05
4,540,4.567986,1e-05
4,541,4.862681,1e-05
4,542,4.796453,1e-05
4,543,6.27236,1e-05
4,544,5.480919,1e-05
4,545,5.38443,1e-05
4,546,5.439204,1e-05
4,547,4.55505,1e-05
4,548,5.530108,1e-05
4,549,5.140253,1e-05
4,550,5.203564,1e-05
4,551,5.708485,1e-05
4,552,5.926381,1e-05
4,553,5.518721,1e-05
4,554,5.950005,1e-05
4,555,5.068284,1e-05
4,556,5.434632,1e-05
4,557,6.466815,1e-05
4,558,5.168785,1e-05
4,559,5.211574,1e-05
4,560,4.945608,1e-05
4,561,4.974589,1e-05
4,562,6.206666,1e-05
4,563,5.825436,1e-05
4,564,5.287716,1e-05
4,565,7.076715,1e-05
4,566,5.83302,1e-05
4,567,5.451331,1e-05
4,568,4.810705,1e-05
4,569,4.88232,1e-05
4,570,4.301747,1e-05
4,571,4.930905,1e-05
4,572,6.191885,1e-05
4,573,5.114576,1e-05
4,574,4.731338,1e-05
4,575,5.388552,1e-05
4,576,5.729797,1e-05
4,577,4.990147,1e-05
4,578,5.269115,1e-05
4,579,5.231122,1e-05
4,580,5.001167,1e-05
4,581,5.134602,1e-05
4,582,4.788129,1e-05
4,583,5.598786,1e-05
4,584,5.260752,1e-05
4,585,4.461561,1e-05
4,586,5.801522,1e-05
4,587,4.913765,1e-05
4,588,5.326931,1e-05
4,589,4.85448,1e-05
4,590,5.080096,1e-05
4,591,4.90118,1e-05
4,592,5.316819,1e-05
4,593,4.810886,1e-05
4,594,5.502496,1e-05
4,595,4.396893,1e-05
4,596,4.427361,1e-05
4,597,5.474631,1e-05
4,598,5.552065,1e-05
4,599,4.562962,1e-05
4,600,5.437321,1e-05
4,601,4.880426,1e-05
4,602,5.259457,1e-05
4,603,5.643425,1e-05
4,604,5.284162,1e-05
4,605,7.0413,1e-05
4,606,6.815981,1e-05
4,607,4.311969,1e-05
4,608,5.315287,1e-05
4,609,5.276545,1e-05
4,610,4.769409,1e-05
4,611,5.789292,1e-05
4,612,4.861494,1e-05
4,613,5.804353,1e-05
4,614,4.605083,1e-05
4,615,6.016978,1e-05
4,616,4.51871,1e-05
4,617,5.306473,1e-05
4,618,5.576825,1e-05
4,619,4.75006,1e-05
4,620,5.169745,1e-05
4,621,4.827657,1e-05
4,622,4.780414,1e-05
4,623,4.975595,1e-05
4,624,4.876919,1e-05
4,625,5.570452,1e-05
4,626,5.721224,1e-05
4,627,5.015569,1e-05
4,628,4.286292,1e-05
4,629,5.029376,1e-05
4,630,6.288195,1e-05
4,631,5.603339,1e-05
4,632,4.950396,1e-05
4,633,5.301721,1e-05
4,634,5.45122,1e-05
4,635,4.669553,1e-05
4,636,5.831738,1e-05
4,637,5.474892,1e-05
4,638,5.627703,1e-05
4,639,6.091599,1e-05
4,640,4.787044,1e-05
4,641,5.038173,1e-05
4,642,4.943367,1e-05
4,643,4.583272,1e-05
4,644,5.587828,1e-05
4,645,4.970692,1e-05
4,646,4.531139,1e-05
4,647,5.759933,1e-05
4,648,4.221107,1e-05
4,649,5.214832,1e-05
4,650,4.797556,1e-05
4,651,4.745859,1e-05
4,652,6.491393,1e-05
4,653,6.529216,1e-05
4,654,4.928415,1e-05
4,655,5.508456,1e-05
4,656,5.191631,1e-05
4,657,6.332802,1e-05
4,658,6.510318,1e-05
4,659,5.630808,1e-05
4,660,4.677437,1e-05
4,661,5.338667,1e-05
4,662,6.486377,1e-05
4,663,4.601184,1e-05
4,664,4.532021,1e-05
4,665,5.391876,1e-05
4,666,4.599967,1e-05
4,667,5.195422,1e-05
4,668,4.857979,1e-05
4,669,4.952803,1e-05
4,670,5.251921,1e-05
4,671,4.94584,1e-05
4,672,5.423013,1e-05
4,673,5.212172,1e-05
4,674,4.302639,1e-05
4,675,5.828443,1e-05
4,676,5.481954,1e-05
4,677,4.882634,1e-05
4,678,5.272827,1e-05
4,679,6.136317,1e-05
4,680,5.161166,1e-05
4,681,4.650574,1e-05
4,682,5.861262,1e-05
4,683,5.030509,1e-05
4,684,4.97228,1e-05
4,685,5.782089,1e-05
4,686,4.865092,1e-05
4,687,5.777282,1e-05
4,688,4.518004,1e-05
4,689,4.946694,1e-05
4,690,5.023227,1e-05
4,691,5.068272,1e-05
4,692,5.444454,1e-05
4,693,5.433455,1e-05
4,694,5.449988,1e-05
4,695,4.59611,1e-05
4,696,4.66085,1e-05
4,697,4.722476,1e-05
4,698,4.904412,1e-05
4,699,5.253929,1e-05
4,700,5.184352,1e-05
4,701,4.835779,1e-05
4,702,4.510512,1e-05
4,703,5.130865,1e-05
4,704,4.571337,1e-05
4,705,5.474171,1e-05
4,706,4.821927,1e-05
4,707,5.274889,1e-05
4,708,5.263867,1e-05
4,709,6.767647,1e-05
4,710,5.431713,1e-05
4,711,5.970747,1e-05
4,712,4.474362,1e-05
4,713,5.357678,1e-05
4,714,4.864397,1e-05
4,715,4.166496,1e-05
4,716,4.330604,1e-05
4,717,4.599918,1e-05
4,718,5.285495,1e-05
4,719,5.871816,1e-05
4,720,4.808398,1e-05
4,721,5.652561,1e-05
4,722,4.867687,1e-05
4,723,4.967643,1e-05
4,724,5.126359,1e-05
4,725,4.417097,1e-05
4,726,5.481725,1e-05
4,727,4.798016,1e-05
4,728,5.524012,1e-05
4,729,5.550232,1e-05
4,730,4.637912,1e-05
4,731,5.266973,1e-05
4,732,5.351163,1e-05
4,733,6.332632,1e-05
4,734,4.948134,1e-05
4,735,5.463207,1e-05
4,736,5.415757,1e-05
4,737,5.27267,1e-05
4,738,6.399195,1e-05
4,739,4.594762,1e-05
4,740,4.731426,1e-05
4,741,6.032565,1e-05
4,742,4.849238,1e-05
4,743,4.690501,1e-05
4,744,4.304936,1e-05
4,745,4.673654,1e-05
4,746,4.335956,1e-05
4,747,4.415014,1e-05
4,748,4.460585,1e-05
4,749,5.084754,1e-05
4,750,4.96262,1e-05
4,751,4.953655,1e-05
4,752,4.987315,1e-05
4,753,5.154211,1e-05
4,754,6.205202,1e-05
4,755,5.115073,1e-05
4,756,4.77221,1e-05
4,757,6.513048,1e-05
4,758,4.696799,1e-05
4,759,4.497373,1e-05
4,760,4.623367,1e-05
4,761,5.461411,1e-05
4,762,4.851951,1e-05
4,763,5.477371,1e-05
4,764,5.709403,1e-05
4,765,4.844249,1e-05
4,766,5.41096,1e-05
4,767,4.868952,1e-05
4,768,4.378643,1e-05
4,769,4.686215,1e-05
4,770,4.701711,1e-05
4,771,4.726549,1e-05
4,772,5.153234,1e-05
4,773,5.181574,1e-05
4,774,4.669605,1e-05
4,775,5.12443,1e-05
4,776,4.571011,1e-05
4,777,4.138497,1e-05
4,778,4.457299,1e-05
4,779,5.081899,1e-05
4,780,5.311651,1e-05
4,781,4.889542,1e-05
4,782,4.481682,1e-05
4,783,5.922732,1e-05
4,784,4.374901,1e-05
4,785,5.8339,1e-05
4,786,5.099175,1e-05
4,787,5.134867,1e-05
4,788,5.211356,1e-05
4,789,5.564112,1e-05
4,790,4.826773,1e-05
4,791,5.073832,1e-05
4,792,4.729028,1e-05
4,793,4.254183,1e-05
4,794,5.125922,1e-05
4,795,4.928787,1e-05
4,796,5.304656,1e-05
4,797,6.366095,1e-05
4,798,4.943626,1e-05
4,799,5.001376,1e-05
4,800,5.113913,1e-05
4,801,4.787218,1e-05
4,802,4.656342,1e-05
4,803,4.467053,1e-05
4,804,5.502817,1e-05
4,805,5.071486,1e-05
4,806,4.490234,1e-05
4,807,5.278969,1e-05
4,808,5.800889,1e-05
4,809,5.31436,1e-05
4,810,4.975083,1e-05
4,811,5.468906,1e-05
4,812,5.148705,1e-05
4,813,5.470587,1e-05
4,814,5.351852,1e-05
4,815,4.75745,1e-05
4,816,4.791728,1e-05
4,817,4.760724,1e-05
4,818,5.769629,1e-05
4,819,5.297478,1e-05
4,820,5.108444,1e-05
4,821,4.987843,1e-05
