epoch,step,loss,lr
0,0,401.511566,0.0005
0,1,215.492813,0.0005
0,2,240.922958,0.0005
0,3,367.182434,0.0005
0,4,440.8909,0.0005
0,5,252.782944,0.0005
0,6,304.624237,0.0005
0,7,193.444397,0.0005
0,8,142.011078,0.0005
0,9,285.421814,0.0005
0,10,227.837646,0.0005
0,11,351.375336,0.0005
0,12,382.82016,0.0005
0,13,294.079956,0.0005
0,14,196.539505,0.0005
0,15,258.252686,0.0005
0,16,237.993286,0.0005
0,17,148.392441,0.0005
0,18,230.076309,0.0005
0,19,255.707764,0.0005
0,20,186.565781,0.0005
0,21,326.937805,0.0005
0,22,298.847473,0.0005
0,23,443.993011,0.0005
0,24,366.531433,0.0005
0,25,260.756989,0.0005
0,26,189.899277,0.0005
0,27,246.254486,0.0005
0,28,234.008957,0.0005
0,29,204.878494,0.0005
0,30,212.193329,0.0005
0,31,423.056763,0.0005
0,32,172.088074,0.0005
0,33,311.986633,0.0005
0,34,278.510376,0.0005
0,35,182.988647,0.0005
0,36,360.772858,0.0005
0,37,221.492111,0.0005
0,38,401.083679,0.0005
0,39,470.982239,0.0005
0,40,238.507828,0.0005
0,41,185.294022,0.0005
0,42,306.39624,0.0005
0,43,179.397522,0.0005
0,44,221.726212,0.0005
0,45,212.926819,0.0005
0,46,295.936493,0.0005
0,47,193.310745,0.0005
0,48,231.667953,0.0005
0,49,244.114029,0.0005
0,50,232.871613,0.0005
0,51,322.604156,0.0005
0,52,133.53157,0.0005
0,53,157.885025,0.0005
0,54,226.80188,0.0005
0,55,137.338455,0.0005
0,56,148.182449,0.0005
0,57,251.844742,0.0005
0,58,173.183853,0.0005
0,59,222.375671,0.0005
0,60,175.946655,0.0005
0,61,110.573677,0.0005
0,62,141.707062,0.0005
0,63,125.971977,0.0005
0,64,192.950912,0.0005
0,65,175.631363,0.0005
0,66,193.196426,0.0005
0,67,131.546295,0.0005
0,68,162.008011,0.0005
0,69,120.885361,0.0005
0,70,150.765503,0.0005
0,71,186.852249,0.0005
0,72,78.36013,0.0005
0,73,102.666183,0.0005
0,74,96.954872,0.0005
0,75,105.770866,0.0005
0,76,87.910339,0.0005
0,77,67.226257,0.0005
0,78,127.75209,0.0005
0,79,80.778389,0.0005
0,80,59.450745,0.0005
0,81,89.691399,0.0005
0,82,85.231941,0.0005
0,83,99.909561,0.0005
0,84,72.605392,0.0005
0,85,60.34594,0.0005
0,86,47.921635,0.0005
0,87,29.254414,0.0005
0,88,50.86623,0.0005
0,89,40.076302,0.0005
0,90,32.113312,0.0005
0,91,36.680111,0.0005
0,92,23.129002,0.0005
0,93,20.451283,0.0005
0,94,32.401577,0.0005
0,95,29.542252,0.0005
0,96,20.737457,0.0005
0,97,14.322442,0.0005
0,98,24.409725,0.0005
0,99,25.474859,0.0005
0,100,14.428841,0.0005
0,101,12.263784,0.0005
0,102,12.035189,0.0005
0,103,18.725359,0.0005
0,104,11.405478,0.0005
0,105,14.345041,0.0005
0,106,19.367847,0.0005
0,107,16.854424,0.0005
0,108,14.232338,0.0005
0,109,12.034758,0.0005
0,110,11.673716,0.0005
0,111,13.104324,0.0005
0,112,13.528225,0.0005
0,113,11.457427,0.0005
0,114,16.195721,0.0005
0,115,11.918697,0.0005
0,116,9.602854,0.0005
0,117,10.150494,0.0005
0,118,8.321617,0.0005
0,119,12.368006,0.0005
0,120,9.189886,0.0005
0,121,10.092719,0.0005
0,122,10.455517,0.0005
0,123,10.623045,0.0005
0,124,9.142118,0.0005
0,125,6.688602,0.0005
0,126,9.358421,0.0005
0,127,10.356182,0.0005
0,128,11.437206,0.0005
0,129,7.750998,0.0005
0,130,9.778072,0.0005
0,131,10.829626,0.0005
0,132,6.986546,0.0005
0,133,6.136732,0.0005
0,134,6.59031,0.0005
0,135,6.901976,0.0005
0,136,7.938629,0.0005
0,137,7.328684,0.0005
0,138,9.550902,0.0005
0,139,8.170096,0.0005
0,140,8.222602,0.0005
0,141,7.839662,0.0005
0,142,7.086701,0.0005
0,143,6.442934,0.0005
0,144,7.783821,0.0005
0,145,5.886688,0.0005
0,146,9.350933,0.0005
0,147,6.936262,0.0005
0,148,6.233354,0.0005
0,149,8.399077,0.0005
0,150,5.458792,0.0005
0,151,7.046217,0.0005
0,152,6.471231,0.0005
0,153,10.38389,0.0005
0,154,7.460038,0.0005
0,155,8.450315,0.0005
0,156,6.269849,0.0005
0,157,6.917248,0.0005
0,158,5.929739,0.0005
0,159,6.692667,0.0005
0,160,6.731331,0.0005
0,161,7.154448,0.0005
0,162,7.436518,0.0005
0,163,6.037665,0.0005
0,164,8.938813,0.0005
0,165,6.390199,0.0005
0,166,5.064301,0.0005
0,167,6.534935,0.0005
0,168,7.716077,0.0005
0,169,6.10187,0.0005
0,170,6.871689,0.0005
0,171,6.961537,0.0005
0,172,7.254327,0.0005
0,173,6.640033,0.0005
0,174,6.521347,0.0005
0,175,7.73826,0.0005
0,176,8.156853,0.0005
0,177,4.995711,0.0005
0,178,5.77056,0.0005
0,179,6.61032,0.0005
0,180,5.845401,0.0005
0,181,6.289837,0.0005
0,182,6.439554,0.0005
0,183,7.674512,0.0005
0,184,7.410026,0.0005
0,185,5.950429,0.0005
0,186,5.598373,0.0005
0,187,7.040155,0.0005
0,188,7.173514,0.0005
0,189,6.884216,0.0005
0,190,5.070672,0.0005
0,191,5.757661,0.0005
0,192,4.976698,0.0005
0,193,4.498386,0.0005
0,194,5.555877,0.0005
0,195,5.327936,0.0005
0,196,7.605485,0.0005
0,197,6.988811,0.0005
0,198,6.4797,0.0005
0,199,5.577492,0.0005
0,200,7.079807,0.0005
0,201,7.939334,0.0005
0,202,4.987627,0.0005
0,203,8.019585,0.0005
0,204,6.587137,0.0005
0,205,4.947626,0.0005
0,206,7.725077,0.0005
0,207,6.240361,0.0005
0,208,5.453714,0.0005
0,209,4.733747,0.0005
0,210,5.525425,0.0005
0,211,6.130421,0.0005
0,212,8.047573,0.0005
0,213,6.466253,0.0005
0,214,5.280753,0.0005
0,215,5.465756,0.0005
0,216,6.18807,0.0005
0,217,6.230517,0.0005
0,218,5.583085,0.0005
0,219,5.464936,0.0005
0,220,6.184611,0.0005
0,221,6.169178,0.0005
0,222,5.892239,0.0005
0,223,4.318006,0.0005
0,224,6.71606,0.0005
0,225,4.835399,0.0005
0,226,6.491337,0.0005
0,227,5.884893,0.0005
0,228,5.646267,0.0005
0,229,5.22941,0.0005
0,230,4.656936,0.0005
0,231,4.425361,0.0005
0,232,4.65422,0.0005
0,233,6.296298,0.0005
0,234,5.391895,0.0005
0,235,4.914085,0.0005
0,236,5.768702,0.0005
0,237,4.687562,0.0005
0,238,5.107069,0.0005
0,239,6.686172,0.0005
0,240,3.822775,0.0005
0,241,4.514894,0.0005
0,242,5.609337,0.0005
0,243,5.949618,0.0005
0,244,4.29172,0.0005
0,245,5.574996,0.0005
0,246,5.79901,0.0005
0,247,6.027301,0.0005
0,248,7.066944,0.0005
0,249,7.359744,0.0005
0,250,4.603943,0.0005
0,251,4.134434,0.0005
0,252,5.100654,0.0005
0,253,6.318047,0.0005
0,254,5.186277,0.0005
0,255,6.856423,0.0005
0,256,4.211372,0.0005
0,257,5.177093,0.0005
0,258,5.812315,0.0005
0,259,5.203292,0.0005
0,260,4.565336,0.0005
0,261,4.677581,0.0005
0,262,5.136232,0.0005
0,263,5.882611,0.0005
0,264,4.600413,0.0005
0,265,6.420083,0.0005
0,266,4.975126,0.0005
0,267,5.956041,0.0005
0,268,5.151636,0.0005
0,269,5.635175,0.0005
0,270,5.651238,0.0005
0,271,4.355266,0.0005
0,272,3.682348,0.0005
0,273,5.168164,0.0005
0,274,5.252604,0.0005
0,275,4.374793,0.0005
0,276,5.101417,0.0005
0,277,4.922134,0.0005
0,278,5.922255,0.0005
0,279,6.113706,0.0005
0,280,6.100869,0.0005
0,281,5.689825,0.0005
0,282,6.394902,0.0005
0,283,6.961059,0.0005
0,284,5.210821,0.0005
0,285,4.023475,0.0005
0,286,5.48224,0.0005
0,287,4.865643,0.0005
0,288,5.260735,0.0005
0,289,4.087848,0.0005
0,290,7.765831,0.0005
0,291,5.320439,0.0005
0,292,6.523338,0.0005
0,293,3.915952,0.0005
0,294,5.381403,0.0005
0,295,4.136422,0.0005
0,296,5.133342,0.0005
0,297,4.893487,0.0005
0,298,5.107126,0.0005
0,299,5.340851,0.0005
0,300,5.611655,0.0005
0,301,5.833249,0.0005
0,302,3.488499,0.0005
0,303,5.573995,0.0005
0,304,6.072415,0.0005
0,305,5.558727,0.0005
0,306,5.480111,0.0005
0,307,5.180497,0.0005
0,308,6.265928,0.0005
0,309,5.426764,0.0005
0,310,4.498479,0.0005
0,311,5.228404,0.0005
0,312,5.305819,0.0005
0,313,7.650891,0.0005
0,314,4.518518,0.0005
0,315,3.989028,0.0005
0,316,4.149705,0.0005
0,317,4.627179,0.0005
0,318,7.732296,0.0005
0,319,4.66541,0.0005
0,320,8.077101,0.0005
0,321,5.197089,0.0005
0,322,4.401805,0.0005
0,323,4.632555,0.0005
0,324,4.629956,0.0005
0,325,3.916085,0.0005
0,326,4.481211,0.0005
0,327,3.85968,0.0005
0,328,5.085275,0.0005
0,329,5.66511,0.0005
0,330,3.825557,0.0005
0,331,4.199722,0.0005
0,332,4.24731,0.0005
0,333,5.549526,0.0005
0,334,4.212205,0.0005
0,335,4.18633,0.0005
0,336,4.372747,0.0005
0,337,4.602638,0.0005
0,338,5.36465,0.0005
0,339,3.960277,0.0005
0,340,4.902308,0.0005
0,341,5.381965,0.0005
0,342,4.282758,0.0005
0,343,3.92558,0.0005
1,0,4.24235,0.0005
1,1,5.205255,0.0005
1,2,5.849428,0.0005
1,3,4.338262,0.0005
1,4,5.256089,0.0005
1,5,4.17854,0.0005
1,6,4.644808,0.0005
1,7,4.938364,0.0005
1,8,4.037625,0.0005
1,9,5.442236,0.0005
1,10,5.910482,0.0005
1,11,4.365967,0.0005
1,12,4.604722,0.0005
1,13,6.111304,0.0005
1,14,5.128709,0.0005
1,15,4.360574,0.0005
1,16,3.844593,0.0005
1,17,4.066019,0.0005
1,18,4.459909,0.0005
1,19,6.00404,0.0005
1,20,4.349571,0.0005
1,21,3.943884,0.0005
1,22,4.329297,0.0005
1,23,3.741087,0.0005
1,24,3.418275,0.0005
1,25,5.398299,0.0005
1,26,3.725289,0.0005
1,27,5.985247,0.0005
1,28,5.598086,0.0005
1,29,4.300445,0.0005
1,30,4.069716,0.0005
1,31,3.811268,0.0005
1,32,4.10684,0.0005
1,33,4.834505,0.0005
1,34,4.858533,0.0005
1,35,4.832867,0.0005
1,36,4.170362,0.0005
1,37,5.00626,0.0005
1,38,5.466954,0.0005
1,39,4.460883,0.0005
1,40,3.699259,0.0005
1,41,5.130754,0.0005
1,42,4.281788,0.0005
1,43,3.512448,0.0005
1,44,5.898537,0.0005
1,45,5.500047,0.0005
1,46,5.143369,0.0005
1,47,5.321792,0.0005
1,48,6.714958,0.0005
1,49,4.635265,0.0005
1,50,5.425326,0.0005
1,51,4.849532,0.0005
1,52,3.611642,0.0005
1,53,3.600515,0.0005
1,54,4.776501,0.0005
1,55,4.219822,0.0005
1,56,5.03729,0.0005
1,57,4.23428,0.0005
1,58,5.058619,0.0005
1,59,5.18805,0.0005
1,60,4.311927,0.0005
1,61,4.517368,0.0005
1,62,4.571975,0.0005
1,63,4.366128,0.0005
1,64,5.6304,0.0005
1,65,4.387435,0.0005
1,66,4.346235,0.0005
1,67,5.046755,0.0005
1,68,4.432833,0.0005
1,69,4.300214,0.0005
1,70,4.703299,0.0005
1,71,4.26879,0.0005
1,72,4.209225,0.0005
1,73,4.107495,0.0005
1,74,4.158144,0.0005
1,75,4.816851,0.0005
1,76,4.495683,0.0005
1,77,4.162407,0.0005
1,78,5.193387,0.0005
1,79,4.204465,0.0005
1,80,5.338631,0.0005
1,81,3.376518,0.0005
1,82,5.412579,0.0005
1,83,4.428117,0.0005
1,84,3.628043,0.0005
1,85,5.118407,0.0005
1,86,4.804602,0.0005
1,87,4.914197,0.0005
1,88,3.232436,0.0005
1,89,4.651244,0.0005
1,90,5.0409,0.0005
1,91,4.462464,0.0005
1,92,4.177256,0.0005
1,93,5.161856,0.0005
1,94,4.400765,0.0005
1,95,3.993723,0.0005
1,96,5.249236,0.0005
1,97,4.58237,0.0005
1,98,5.048694,0.0005
1,99,4.733064,0.0005
1,100,4.31932,0.0005
1,101,4.004524,0.0005
1,102,4.728809,0.0005
1,103,3.915407,0.0005
1,104,6.535348,0.0005
1,105,3.815962,0.0005
1,106,4.479042,0.0005
1,107,4.380502,0.0005
1,108,3.957771,0.0005
1,109,4.120917,0.0005
1,110,5.578119,0.0005
1,111,3.567966,0.0005
1,112,5.049272,0.0005
1,113,5.65232,0.0005
1,114,3.278829,0.0005
1,115,5.033689,0.0005
1,116,4.804299,0.0005
1,117,4.128766,0.0005
1,118,3.646034,0.0005
1,119,3.465695,0.0005
1,120,4.182618,0.0005
1,121,3.841263,0.0005
1,122,4.160238,0.0005
1,123,4.623493,0.0005
1,124,3.924155,0.0005
1,125,4.226229,0.0005
1,126,3.918445,0.0005
1,127,4.875267,0.0005
1,128,4.352693,0.0005
1,129,3.644628,0.0005
1,130,4.006724,0.0005
1,131,4.841703,0.0005
1,132,4.15399,0.0005
1,133,4.246645,0.0005
1,134,4.114948,0.0005
1,135,3.725301,0.0005
1,136,4.385484,0.0005
1,137,4.943669,0.0005
1,138,4.185529,0.0005
1,139,3.556595,0.0005
1,140,4.12922,0.0005
1,141,3.742881,0.0005
1,142,5.264528,0.0005
1,143,3.827787,0.0005
1,144,3.875459,0.0005
1,145,4.165716,0.0005
1,146,4.348514,0.0005
1,147,4.108492,0.0005
1,148,4.979225,0.0005
1,149,3.551903,0.0005
1,150,3.369908,0.0005
1,151,4.562084,0.0005
1,152,4.421266,0.0005
1,153,4.077089,0.0005
1,154,4.704022,0.0005
1,155,4.866706,0.0005
1,156,4.195227,0.0005
1,157,4.013522,0.0005
1,158,3.818237,0.0005
1,159,3.732555,0.0005
1,160,5.088715,0.0005
1,161,5.04109,0.0005
1,162,4.536181,0.0005
1,163,4.444556,0.0005
1,164,5.001081,0.0005
1,165,4.372519,0.0005
1,166,3.897178,0.0005
1,167,4.737129,0.0005
1,168,4.075331,0.0005
1,169,4.01797,0.0005
1,170,4.12604,0.0005
1,171,4.528164,0.0005
1,172,4.121545,0.0005
1,173,3.871508,0.0005
1,174,4.177729,0.0005
1,175,4.324388,0.0005
1,176,3.869344,0.0005
1,177,4.315711,0.0005
1,178,3.976393,0.0005
1,179,4.54085,0.0005
1,180,4.124608,0.0005
1,181,4.528142,0.0005
1,182,4.341629,0.0005
1,183,4.027125,0.0005
1,184,4.963673,0.0005
1,185,4.421191,0.0005
1,186,4.612562,0.0005
1,187,3.94504,0.0005
1,188,5.205577,0.0005
1,189,4.377666,0.0005
1,190,5.189732,0.0005
1,191,4.79084,0.0005
1,192,5.677665,0.0005
1,193,3.777091,0.0005
1,194,3.452388,0.0005
1,195,4.147516,0.0005
1,196,4.37696,0.0005
1,197,4.914661,0.0005
1,198,4.749307,0.0005
1,199,4.451227,0.0005
1,200,5.225513,0.0005
1,201,4.491858,0.0005
1,202,4.883726,0.0005
1,203,4.244959,0.0005
1,204,4.343682,0.0005
1,205,5.833258,0.0005
1,206,4.321227,0.0005
1,207,3.033228,0.0005
1,208,4.31977,0.0005
1,209,4.639472,0.0005
1,210,4.618575,0.0005
1,211,4.3838,0.0005
1,212,4.202641,0.0005
1,213,4.101326,0.0005
1,214,4.640262,0.0005
1,215,4.063417,0.0005
1,216,4.992435,0.0005
1,217,4.757225,0.0005
1,218,3.771171,0.0005
1,219,4.360041,0.0005
1,220,3.869898,0.0005
1,221,4.825002,0.0005
1,222,3.848808,0.0005
1,223,4.525422,0.0005
1,224,3.790872,0.0005
1,225,3.590986,0.0005
1,226,4.522048,0.0005
1,227,4.306723,0.0005
1,228,3.696529,0.0005
1,229,4.013178,0.0005
1,230,4.55687,0.0005
1,231,4.641625,0.0005
1,232,3.470412,0.0005
1,233,3.931983,0.0005
1,234,3.448638,0.0005
1,235,4.216416,0.0005
1,236,4.083637,0.0005
1,237,3.921153,0.0005
1,238,4.146366,0.0005
1,239,4.404568,0.0005
1,240,3.846111,0.0005
1,241,3.865493,0.0005
1,242,4.097435,0.0005
1,243,3.810983,0.0005
1,244,4.261994,0.0005
1,245,5.082333,0.0005
1,246,4.120265,0.0005
1,247,3.254021,0.0005
1,248,3.398549,0.0005
1,249,4.640166,0.0005
1,250,4.397626,0.0005
1,251,4.100306,0.0005
1,252,3.702926,0.0005
1,253,3.964771,0.0005
1,254,4.00404,0.0005
1,255,3.887874,0.0005
1,256,4.180644,0.0005
1,257,3.918813,0.0005
1,258,4.13888,0.0005
1,259,3.970742,0.0005
1,260,5.43815,0.0005
1,261,5.228089,0.0005
1,262,4.244926,0.0005
1,263,3.559116,0.0005
1,264,4.026844,0.0005
1,265,4.68025,0.0005
1,266,4.906779,0.0005
1,267,5.294935,0.0005
1,268,4.433174,0.0005
1,269,4.24285,0.0005
1,270,3.782666,0.0005
1,271,3.93258,0.0005
1,272,4.421255,0.0005
1,273,4.560495,0.0005
1,274,4.895976,0.0005
1,275,4.226324,0.0005
1,276,3.926078,0.0005
1,277,4.836617,0.0005
1,278,4.834649,0.0005
1,279,3.653604,0.0005
1,280,4.557738,0.0005
1,281,3.803008,0.0005
1,282,3.948385,0.0005
1,283,4.13309,0.0005
1,284,3.450721,0.0005
1,285,4.444054,0.0005
1,286,3.658375,0.0005
1,287,3.627182,0.0005
1,288,3.939922,0.0005
1,289,3.825116,0.0005
1,290,3.721972,0.0005
1,291,5.24791,0.0005
1,292,3.797435,0.0005
1,293,3.871247,0.0005
1,294,3.989281,0.0005
1,295,3.901371,0.0005
1,296,3.689383,0.0005
1,297,4.993965,0.0005
1,298,3.293935,0.0005
1,299,4.084014,0.0005
1,300,4.097292,0.0005
1,301,4.210872,0.0005
1,302,3.750264,0.0005
1,303,4.618356,0.0005
1,304,3.936741,0.0005
1,305,3.997476,0.0005
1,306,3.375853,0.0005
1,307,4.486156,0.0005
1,308,4.145681,0.0005
1,309,3.938431,0.0005
1,310,4.094151,0.0005
1,311,3.886576,0.0005
1,312,3.986944,0.0005
1,313,3.697401,0.0005
1,314,4.390441,0.0005
1,315,5.347556,0.0005
1,316,4.245264,0.0005
1,317,4.069884,0.0005
1,318,4.089352,0.0005
1,319,3.886773,0.0005
1,320,3.768219,0.0005
1,321,3.952418,0.0005
1,322,3.347576,0.0005
1,323,5.809893,0.0005
1,324,5.190742,0.0005
1,325,4.319992,0.0005
1,326,4.94012,0.0005
1,327,4.316484,0.0005
1,328,5.076777,0.0005
1,329,4.315114,0.0005
1,330,4.623441,0.0005
1,331,4.382326,0.0005
1,332,5.447815,0.0005
1,333,4.408032,0.0005
1,334,4.129729,0.0005
1,335,3.602113,0.0005
1,336,2.805768,0.0005
1,337,3.825044,0.0005
1,338,4.337006,0.0005
1,339,4.409897,0.0005
1,340,4.294871,0.0005
1,341,4.791138,0.0005
1,342,4.272797,0.0005
1,343,2.835519,0.0005
2,0,4.292016,0.0005
2,1,3.985775,0.0005
2,2,3.955004,0.0005
2,3,3.615702,0.0005
2,4,4.57754,0.0005
2,5,3.749037,0.0005
2,6,3.733801,0.0005
2,7,3.912029,0.0005
2,8,3.592515,0.0005
2,9,5.384816,0.0005
2,10,4.148819,0.0005
2,11,4.20787,0.0005
2,12,4.059979,0.0005
2,13,3.959299,0.0005
2,14,5.225828,0.0005
2,15,4.373266,0.0005
2,16,3.951027,0.0005
2,17,4.112354,0.0005
2,18,3.727818,0.0005
2,19,3.912098,0.0005
2,20,3.849599,0.0005
2,21,3.787197,0.0005
2,22,3.792245,0.0005
2,23,4.112068,0.0005
2,24,4.58259,0.0005
2,25,3.868365,0.0005
2,26,4.480374,0.0005
2,27,4.447134,0.0005
2,28,4.151938,0.0005
2,29,3.873059,0.0005
2,30,3.425158,0.0005
2,31,4.483619,0.0005
2,32,4.168843,0.0005
2,33,4.731933,0.0005
2,34,4.908483,0.0005
2,35,3.81102,0.0005
2,36,4.917321,0.0005
2,37,5.179386,0.0005
2,38,4.266176,0.0005
2,39,3.498485,0.0005
2,40,3.997161,0.0005
2,41,3.984464,0.0005
2,42,3.940508,0.0005
2,43,4.524109,0.0005
2,44,4.848741,0.0005
2,45,3.954113,0.0005
2,46,4.448227,0.0005
2,47,4.278893,0.0005
2,48,4.26215,0.0005
2,49,4.518828,0.0005
2,50,4.520802,0.0005
2,51,4.356534,0.0005
2,52,3.948549,0.0005
2,53,4.218898,0.0005
2,54,3.49273,0.0005
2,55,5.070229,0.0005
2,56,4.260836,0.0005
2,57,3.649515,0.0005
2,58,3.715166,0.0005
2,59,4.165094,0.0005
2,60,4.082298,0.0005
2,61,3.718384,0.0005
2,62,3.625401,0.0005
2,63,4.674486,0.0005
2,64,4.253988,0.0005
2,65,4.140315,0.0005
2,66,4.508558,0.0005
2,67,3.840237,0.0005
2,68,3.873563,0.0005
2,69,3.796483,0.0005
2,70,4.43058,0.0005
2,71,3.697084,0.0005
2,72,4.310337,0.0005
2,73,4.225734,0.0005
2,74,3.840766,0.0005
2,75,3.838182,0.0005
2,76,4.089517,0.0005
2,77,3.681073,0.0005
2,78,4.250031,0.0005
2,79,3.887128,0.0005
2,80,3.374745,0.0005
2,81,4.119599,0.0005
2,82,4.378677,0.0005
2,83,4.525287,0.0005
2,84,4.783693,0.0005
2,85,3.622079,0.0005
2,86,4.657312,0.0005
2,87,3.655307,0.0005
2,88,4.06928,0.0005
2,89,3.117089,0.0005
2,90,3.331387,0.0005
2,91,4.938011,0.0005
2,92,4.136139,0.0005
2,93,4.981565,0.0005
2,94,3.109246,0.0005
2,95,4.843106,0.0005
2,96,3.99804,0.0005
2,97,4.265104,0.0005
2,98,3.810942,0.0005
2,99,4.762021,0.0005
2,100,4.554588,0.0005
2,101,4.210502,0.0005
2,102,4.24994,0.0005
2,103,3.668616,0.0005
2,104,4.39073,0.0005
2,105,3.427112,0.0005
2,106,4.260809,0.0005
2,107,4.061886,0.0005
2,108,3.499932,0.0005
2,109,3.872707,0.0005
2,110,4.261915,0.0005
2,111,4.440493,0.0005
2,112,4.354313,0.0005
2,113,4.597554,0.0005
2,114,4.384452,0.0005
2,115,4.116337,0.0005
2,116,4.48701,0.0005
2,117,4.502795,0.0005
2,118,4.415531,0.0005
2,119,4.411358,0.0005
2,120,4.089471,0.0005
2,121,4.583853,0.0005
2,122,3.443769,0.0005
2,123,4.079208,0.0005
2,124,3.49082,0.0005
2,125,4.466703,0.0005
2,126,4.551845,0.0005
2,127,3.838497,0.0005
2,128,3.85907,0.0005
2,129,4.361608,0.0005
2,130,3.276038,0.0005
2,131,5.61527,0.0005
2,132,4.167401,0.0005
2,133,3.72488,0.0005
2,134,4.153976,0.0005
2,135,3.817255,0.0005
2,136,3.793758,0.0005
2,137,3.683917,0.0005
2,138,5.75673,0.0005
2,139,4.254035,0.0005
2,140,3.916615,0.0005
2,141,4.402354,0.0005
2,142,4.020481,0.0005
2,143,3.802374,0.0005
2,144,3.827248,0.0005
2,145,4.334443,0.0005
2,146,3.816979,0.0005
2,147,4.68419,0.0005
2,148,3.789095,0.0005
2,149,3.7226,0.0005
2,150,3.979331,0.0005
2,151,4.927948,0.0005
2,152,3.727732,0.0005
2,153,3.697773,0.0005
2,154,4.174968,0.0005
2,155,4.045036,0.0005
2,156,3.356954,0.0005
2,157,3.251195,0.0005
2,158,3.698753,0.0005
2,159,5.190547,0.0005
2,160,3.991103,0.0005
2,161,4.699848,0.0005
2,162,3.226624,0.0005
2,163,4.005291,0.0005
2,164,4.129338,0.0005
2,165,5.478038,0.0005
2,166,4.334312,0.0005
2,167,3.720952,0.0005
2,168,3.246017,0.0005
2,169,3.643312,0.0005
2,170,4.624246,0.0005
2,171,3.602021,0.0005
2,172,3.829525,0.0005
2,173,3.333914,0.0005
2,174,4.421429,0.0005
2,175,3.548121,0.0005
2,176,4.071844,0.0005
2,177,4.86571,0.0005
2,178,3.330689,0.0005
2,179,3.776424,0.0005
2,180,5.843595,0.0005
2,181,4.550344,0.0005
2,182,3.207659,0.0005
2,183,3.531148,0.0005
2,184,3.463718,0.0005
2,185,4.293726,0.0005
2,186,5.219275,0.0005
2,187,4.120787,0.0005
2,188,4.294948,0.0005
2,189,3.58204,0.0005
2,190,4.383113,0.0005
2,191,3.520789,0.0005
2,192,4.200377,0.0005
2,193,3.877701,0.0005
2,194,4.278737,0.0005
2,195,4.554626,0.0005
2,196,3.504731,0.0005
2,197,4.603814,0.0005
2,198,3.84521,0.0005
2,199,4.375198,0.0005
2,200,3.657129,0.0005
2,201,5.398256,0.0005
2,202,3.956059,0.0005
2,203,4.277892,0.0005
2,204,3.690794,0.0005
2,205,3.595183,0.0005
2,206,4.023284,0.0005
2,207,3.902713,0.0005
2,208,4.100837,0.0005
2,209,4.092104,0.0005
2,210,4.555715,0.0005
2,211,3.835805,0.0005
2,212,3.761176,0.0005
2,213,3.781105,0.0005
2,214,3.591238,0.0005
2,215,6.06781,0.0005
2,216,4.629129,0.0005
2,217,5.404164,0.0005
2,218,4.202013,0.0005
2,219,4.390512,0.0005
2,220,3.723926,0.0005
2,221,4.626705,0.0005
2,222,3.781083,0.0005
2,223,3.345973,0.0005
2,224,3.483081,0.0005
2,225,6.167711,0.0005
2,226,3.716584,0.0005
2,227,3.694847,0.0005
2,228,4.26413,0.0005
2,229,4.989141,0.0005
2,230,3.790404,0.0005
2,231,4.150142,0.0005
2,232,3.859968,0.0005
2,233,3.758859,0.0005
2,234,3.434892,0.0005
2,235,4.855631,0.0005
2,236,3.991493,0.0005
2,237,3.994972,0.0005
2,238,3.232248,0.0005
2,239,4.577379,0.0005
2,240,3.179507,0.0005
2,241,3.549618,0.0005
2,242,3.279012,0.0005
2,243,3.822235,0.0005
2,244,4.156411,0.0005
2,245,3.68395,0.0005
2,246,3.323277,0.0005
2,247,3.697908,0.0005
2,248,3.815417,0.0005
2,249,4.250969,0.0005
2,250,3.455226,0.0005
2,251,3.9732,0.0005
2,252,4.357492,0.0005
2,253,4.17396,0.0005
2,254,4.47292,0.0005
2,255,3.258755,0.0005
2,256,3.967281,0.0005
2,257,3.834307,0.0005
2,258,3.278572,0.0005
2,259,3.748173,0.0005
2,260,4.314549,0.0005
2,261,3.580608,0.0005
2,262,3.355006,0.0005
2,263,3.619321,0.0005
2,264,3.591331,0.0005
2,265,3.38012,0.0005
2,266,3.443187,0.0005
2,267,3.968535,0.0005
2,268,3.868773,0.0005
2,269,4.199005,0.0005
2,270,3.278636,0.0005
2,271,4.390434,0.0005
2,272,2.998796,0.0005
2,273,4.218724,0.0005
2,274,4.240326,0.0005
2,275,3.381672,0.0005
2,276,3.761453,0.0005
2,277,3.284493,0.0005
2,278,3.772807,0.0005
2,279,3.494173,0.0005
2,280,4.940483,0.0005
2,281,3.97632,0.0005
2,282,3.949454,0.0005
2,283,3.947177,0.0005
2,284,4.434008,0.0005
2,285,3.599522,0.0005
2,286,3.802397,0.0005
2,287,3.497629,0.0005
2,288,3.680721,0.0005
2,289,4.041247,0.0005
2,290,4.624942,0.0005
2,291,3.781219,0.0005
2,292,4.181376,0.0005
2,293,4.11451,0.0005
2,294,5.159305,0.0005
2,295,4.314423,0.0005
2,296,3.86815,0.0005
2,297,3.975024,0.0005
2,298,5.343295,0.0005
2,299,3.780158,0.0005
2,300,4.305346,0.0005
2,301,3.903008,0.0005
2,302,4.163834,0.0005
2,303,3.268958,0.0005
2,304,3.878481,0.0005
2,305,3.260598,0.0005
2,306,3.504469,0.0005
2,307,3.450167,0.0005
2,308,4.159227,0.0005
2,309,3.467711,0.0005
2,310,4.35625,0.0005
2,311,4.187253,0.0005
2,312,3.977898,0.0005
2,313,3.884269,0.0005
2,314,3.08211,0.0005
2,315,4.895669,0.0005
2,316,3.50521,0.0005
2,317,3.64533,0.0005
2,318,3.530899,0.0005
2,319,3.220203,0.0005
2,320,4.016049,0.0005
2,321,3.750607,0.0005
2,322,3.820487,0.0005
2,323,4.488874,0.0005
2,324,4.30341,0.0005
2,325,3.510372,0.0005
2,326,3.468816,0.0005
2,327,3.852512,0.0005
2,328,3.116947,0.0005
2,329,3.35139,0.0005
2,330,3.191146,0.0005
2,331,4.054662,0.0005
2,332,3.250357,0.0005
2,333,3.970377,0.0005
2,334,3.468291,0.0005
2,335,3.449859,0.0005
2,336,4.161611,0.0005
2,337,3.567034,0.0005
2,338,3.397736,0.0005
2,339,4.110083,0.0005
2,340,3.949059,0.0005
2,341,3.643692,0.0005
2,342,4.395003,0.0005
2,343,2.843669,0.0005
3,0,3.885835,0.0005
3,1,4.078444,0.0005
3,2,4.675362,0.0005
3,3,4.037831,0.0005
3,4,3.47829,0.0005
3,5,3.33935,0.0005
3,6,4.002691,0.0005
3,7,4.652321,0.0005
3,8,3.323193,0.0005
3,9,4.120195,0.0005
3,10,3.848658,0.0005
3,11,3.88351,0.0005
3,12,4.342881,0.0005
3,13,3.656447,0.0005
3,14,4.620214,0.0005
3,15,3.757589,0.0005
3,16,3.834139,0.0005
3,17,4.272556,0.0005
3,18,3.531113,0.0005
3,19,3.648536,0.0005
3,20,3.953144,0.0005
3,21,3.95235,0.0005
3,22,3.517042,0.0005
3,23,5.244382,0.0005
3,24,4.421893,0.0005
3,25,4.44496,0.0005
3,26,4.4793,0.0005
3,27,3.416637,0.0005
3,28,4.416821,0.0005
3,29,4.317403,0.0005
3,30,4.142619,0.0005
3,31,3.796633,0.0005
3,32,3.167698,0.0005
3,33,3.532235,0.0005
3,34,3.870823,0.0005
3,35,3.880672,0.0005
3,36,3.676291,0.0005
3,37,3.677439,0.0005
3,38,4.553921,0.0005
3,39,3.827389,0.0005
3,40,3.832861,0.0005
3,41,3.807696,0.0005
3,42,3.290867,0.0005
3,43,3.226369,0.0005
3,44,3.4153,0.0005
3,45,3.387227,0.0005
3,46,3.29467,0.0005
3,47,3.695044,0.0005
3,48,4.06416,0.0005
3,49,4.641709,0.0005
3,50,3.768509,0.0005
3,51,4.720307,0.0005
3,52,3.591258,0.0005
3,53,3.001841,0.0005
3,54,3.786677,0.0005
3,55,4.860661,0.0005
3,56,3.781069,0.0005
3,57,3.661152,0.0005
3,58,4.130541,0.0005
3,59,3.618441,0.0005
3,60,4.072238,0.0005
3,61,3.921442,0.0005
3,62,4.095778,0.0005
3,63,3.800619,0.0005
3,64,3.271056,0.0005
3,65,3.445356,0.0005
3,66,3.699549,0.0005
3,67,3.324473,0.0005
3,68,3.371382,0.0005
3,69,3.77339,0.0005
3,70,2.888335,0.0005
3,71,4.393204,0.0005
3,72,3.444738,0.0005
3,73,4.047256,0.0005
3,74,3.311328,0.0005
3,75,3.461566,0.0005
3,76,4.649034,0.0005
3,77,4.470147,0.0005
3,78,3.870409,0.0005
3,79,4.550243,0.0005
3,80,4.838399,0.0005
3,81,3.745081,0.0005
3,82,3.922315,0.0005
3,83,3.363841,0.0005
3,84,3.606081,0.0005
3,85,4.171926,0.0005
3,86,4.036248,0.0005
3,87,3.560796,0.0005
3,88,3.39017,0.0005
3,89,3.561039,0.0005
3,90,2.999628,0.0005
3,91,4.267836,0.0005
3,92,4.077431,0.0005
3,93,3.803719,0.0005
3,94,3.964274,0.0005
3,95,4.172752,0.0005
3,96,3.924017,0.0005
3,97,4.374156,0.0005
3,98,4.111111,0.0005
3,99,4.214595,0.0005
3,100,3.68909,0.0005
3,101,3.591553,0.0005
3,102,3.412052,0.0005
3,103,4.091075,0.0005
3,104,3.73059,0.0005
3,105,4.235883,0.0005
3,106,3.464411,0.0005
3,107,4.766602,0.0005
3,108,3.926952,0.0005
3,109,4.396614,0.0005
3,110,3.605239,0.0005
3,111,3.44713,0.0005
3,112,3.588813,0.0005
3,113,4.081998,0.0005
3,114,3.910104,0.0005
3,115,4.748971,0.0005
3,116,3.939459,0.0005
3,117,3.827297,0.0005
3,118,3.391248,0.0005
3,119,3.705556,0.0005
3,120,4.503997,0.0005
3,121,3.243193,0.0005
3,122,3.159611,0.0005
3,123,4.392084,0.0005
3,124,3.671971,0.0005
3,125,4.652194,0.0005
3,126,3.673582,0.0005
3,127,3.361916,0.0005
3,128,3.301143,0.0005
3,129,3.766667,0.0005
3,130,3.740199,0.0005
3,131,3.689919,0.0005
3,132,3.710934,0.0005
3,133,3.696141,0.0005
3,134,4.021307,0.0005
3,135,4.268913,0.0005
3,136,3.602715,0.0005
3,137,3.760729,0.0005
3,138,4.351845,0.0005
3,139,4.355243,0.0005
3,140,4.526654,0.0005
3,141,4.074433,0.0005
3,142,3.858072,0.0005
3,143,4.416151,0.0005
3,144,4.038416,0.0005
3,145,3.311889,0.0005
3,146,3.40428,0.0005
3,147,4.404531,0.0005
3,148,4.235886,0.0005
3,149,4.082284,0.0005
3,150,4.714509,0.0005
3,151,3.598304,0.0005
3,152,3.452406,0.0005
3,153,3.863131,0.0005
3,154,3.78608,0.0005
3,155,3.779398,0.0005
3,156,3.322889,0.0005
3,157,3.633553,0.0005
3,158,4.170397,0.0005
3,159,3.630756,0.0005
3,160,3.701245,0.0005
3,161,3.723665,0.0005
3,162,3.494111,0.0005
3,163,4.119746,0.0005
3,164,3.930481,0.0005
3,165,3.772334,0.0005
3,166,4.420055,0.0005
3,167,3.97791,0.0005
3,168,3.636307,0.0005
3,169,3.415447,0.0005
3,170,3.503056,0.0005
3,171,3.841084,0.0005
3,172,3.509525,0.0005
3,173,3.548724,0.0005
3,174,3.88031,0.0005
3,175,3.990971,0.0005
3,176,4.074354,0.0005
3,177,4.190073,0.0005
3,178,4.215003,0.0005
3,179,4.447071,0.0005
3,180,3.81067,0.0005
3,181,3.248524,0.0005
3,182,3.761902,0.0005
3,183,4.220587,0.0005
3,184,4.565244,0.0005
3,185,4.492465,0.0005
3,186,3.611879,0.0005
3,187,3.580978,0.0005
3,188,3.712079,0.0005
3,189,5.78978,0.0005
3,190,3.151324,0.0005
3,191,3.876493,0.0005
3,192,3.533078,0.0005
3,193,3.385639,0.0005
3,194,3.638509,0.0005
3,195,3.920828,0.0005
3,196,3.373285,0.0005
3,197,3.865484,0.0005
3,198,4.120775,0.0005
3,199,4.065058,0.0005
3,200,3.947561,0.0005
3,201,4.003798,0.0005
3,202,4.059547,0.0005
3,203,3.736405,0.0005
3,204,3.606931,0.0005
3,205,3.466873,0.0005
3,206,3.675681,0.0005
3,207,4.186003,0.0005
3,208,3.344649,0.0005
3,209,3.298222,0.0005
3,210,4.027001,0.0005
3,211,4.490046,0.0005
3,212,4.238859,0.0005
3,213,4.260772,0.0005
3,214,3.692795,0.0005
3,215,4.375477,0.0005
3,216,3.775531,0.0005
3,217,3.8646,0.0005
3,218,3.383991,0.0005
3,219,3.595369,0.0005
3,220,3.58114,0.0005
3,221,3.653394,0.0005
3,222,4.774177,0.0005
3,223,3.522037,0.0005
3,224,3.605871,0.0005
3,225,3.769792,0.0005
3,226,3.697402,0.0005
3,227,3.864858,0.0005
3,228,5.228753,0.0005
3,229,3.462286,0.0005
3,230,4.120737,0.0005
3,231,3.155772,0.0005
3,232,4.070432,0.0005
3,233,3.537315,0.0005
3,234,3.927934,0.0005
3,235,3.472728,0.0005
3,236,3.407609,0.0005
3,237,3.13195,0.0005
3,238,4.314489,0.0005
3,239,4.206575,0.0005
3,240,3.726564,0.0005
3,241,3.236507,0.0005
3,242,3.138502,0.0005
3,243,3.881645,0.0005
3,244,3.857164,0.0005
3,245,4.055573,0.0005
3,246,3.205673,0.0005
3,247,3.322613,0.0005
3,248,4.229006,0.0005
3,249,3.889699,0.0005
3,250,3.952561,0.0005
3,251,4.238157,0.0005
3,252,4.194074,0.0005
3,253,4.354738,0.0005
3,254,4.005233,0.0005
3,255,3.64064,0.0005
3,256,3.45749,0.0005
3,257,4.406043,0.0005
3,258,4.590392,0.0005
3,259,4.200093,0.0005
3,260,3.586591,0.0005
3,261,3.021108,0.0005
3,262,3.745016,0.0005
3,263,4.220337,0.0005
3,264,2.997603,0.0005
3,265,4.574419,0.0005
3,266,3.335284,0.0005
3,267,3.861305,0.0005
3,268,4.163261,0.0005
3,269,4.249975,0.0005
3,270,3.793644,0.0005
3,271,3.805683,0.0005
3,272,3.687059,0.0005
3,273,2.764348,0.0005
3,274,3.744546,0.0005
3,275,3.600565,0.0005
3,276,5.885582,0.0005
3,277,3.346563,0.0005
3,278,3.706393,0.0005
3,279,3.603786,0.0005
3,280,3.733174,0.0005
3,281,3.288381,0.0005
3,282,3.95184,0.0005
3,283,3.243546,0.0005
3,284,3.298309,0.0005
3,285,5.246303,0.0005
3,286,3.429531,0.0005
3,287,3.276713,0.0005
3,288,3.749236,0.0005
3,289,4.003503,0.0005
3,290,3.232533,0.0005
3,291,3.350304,0.0005
3,292,3.59015,0.0005
3,293,4.006032,0.0005
3,294,4.378645,0.0005
3,295,3.0523,0.0005
3,296,3.344196,0.0005
3,297,3.123711,0.0005
3,298,3.734879,0.0005
3,299,3.897702,0.0005
3,300,3.952698,0.0005
3,301,3.401198,0.0005
3,302,4.039542,0.0005
3,303,3.893059,0.0005
3,304,3.479841,0.0005
3,305,3.525163,0.0005
3,306,3.550712,0.0005
3,307,4.247972,0.0005
3,308,3.265904,0.0005
3,309,3.813346,0.0005
3,310,3.586131,0.0005
3,311,3.519896,0.0005
3,312,3.504343,0.0005
3,313,3.674189,0.0005
3,314,3.648346,0.0005
3,315,3.34041,0.0005
3,316,4.236705,0.0005
3,317,3.953891,0.0005
3,318,4.166718,0.0005
3,319,3.972558,0.0005
3,320,4.03075,0.0005
3,321,4.02572,0.0005
3,322,3.458845,0.0005
3,323,4.110563,0.0005
3,324,3.224004,0.0005
3,325,3.505242,0.0005
3,326,3.388795,0.0005
3,327,4.674455,0.0005
3,328,3.814353,0.0005
3,329,4.456247,0.0005
3,330,5.074258,0.0005
3,331,3.638561,0.0005
3,332,4.64153,0.0005
3,333,5.130214,0.0005
3,334,3.454506,0.0005
3,335,4.364102,0.0005
3,336,4.136636,0.0005
3,337,4.476623,0.0005
3,338,3.291881,0.0005
3,339,3.394053,0.0005
3,340,4.388947,0.0005
3,341,3.553538,0.0005
3,342,3.41035,0.0005
3,343,2.765453,0.0005
4,0,3.563198,0.0005
4,1,3.725002,0.0005
4,2,3.596458,0.0005
4,3,3.810097,0.0005
4,4,3.795588,0.0005
4,5,5.234747,0.0005
4,6,3.715995,0.0005
4,7,3.839903,0.0005
4,8,3.652517,0.0005
4,9,3.791357,0.0005
4,10,3.613655,0.0005
4,11,4.315111,0.0005
4,12,3.60507,0.0005
4,13,3.398588,0.0005
4,14,4.458786,0.0005
4,15,4.142985,0.0005
4,16,4.342925,0.0005
4,17,4.007838,0.0005
4,18,3.74922,0.0005
4,19,4.201692,0.0005
4,20,3.638075,0.0005
4,21,3.405556,0.0005
4,22,3.410814,0.0005
4,23,4.70197,0.0005
4,24,3.734988,0.0005
4,25,4.098064,0.0005
4,26,3.518833,0.0005
4,27,3.375072,0.0005
4,28,3.83046,0.0005
4,29,3.151204,0.0005
4,30,3.795174,0.0005
4,31,3.483468,0.0005
4,32,3.324953,0.0005
4,33,3.581599,0.0005
4,34,4.463646,0.0005
4,35,4.041784,0.0005
4,36,3.828403,0.0005
4,37,3.276446,0.0005
4,38,4.883697,0.0005
4,39,3.1092,0.0005
4,40,4.397436,0.0005
4,41,5.950953,0.0005
4,42,4.013941,0.0005
4,43,3.8714,0.0005
4,44,3.534233,0.0005
4,45,3.912673,0.0005
4,46,3.601288,0.0005
4,47,4.301914,0.0005
4,48,3.030443,0.0005
4,49,3.678586,0.0005
4,50,3.968171,0.0005
4,51,4.470796,0.0005
4,52,3.752705,0.0005
4,53,3.960137,0.0005
4,54,3.296258,0.0005
4,55,4.077085,0.0005
4,56,3.682989,0.0005
4,57,3.047711,0.0005
4,58,3.883871,0.0005
4,59,3.750278,0.0005
4,60,4.010993,0.0005
4,61,3.738053,0.0005
4,62,3.9284,0.0005
4,63,3.924367,0.0005
4,64,4.36117,0.0005
4,65,2.99622,0.0005
4,66,4.15918,0.0005
4,67,3.522446,0.0005
4,68,3.460072,0.0005
4,69,3.684208,0.0005
4,70,3.853193,0.0005
4,71,3.556889,0.0005
4,72,3.367352,0.0005
4,73,3.817443,0.0005
4,74,5.18293,0.0005
4,75,4.03961,0.0005
4,76,3.563336,0.0005
4,77,2.703176,0.0005
4,78,3.798919,0.0005
4,79,4.132555,0.0005
4,80,3.421221,0.0005
4,81,3.187643,0.0005
4,82,3.695632,0.0005
4,83,3.177216,0.0005
4,84,3.944108,0.0005
4,85,4.089582,0.0005
4,86,4.024952,0.0005
4,87,3.50569,0.0005
4,88,3.482519,0.0005
4,89,4.007001,0.0005
4,90,3.998457,0.0005
4,91,3.672411,0.0005
4,92,3.256368,0.0005
4,93,4.276943,0.0005
4,94,4.196821,0.0005
4,95,4.091557,0.0005
4,96,4.070892,0.0005
4,97,3.017418,0.0005
4,98,3.941322,0.0005
4,99,3.775755,0.0005
4,100,3.837644,0.0005
4,101,3.772928,0.0005
4,102,4.454193,0.0005
4,103,3.027133,0.0005
4,104,3.875937,0.0005
4,105,4.098996,0.0005
4,106,3.85351,0.0005
4,107,3.922877,0.0005
4,108,3.498423,0.0005
4,109,3.325465,0.0005
4,110,3.278964,0.0005
4,111,4.024469,0.0005
4,112,4.165466,0.0005
4,113,3.031629,0.0005
4,114,3.88421,0.0005
4,115,3.876373,0.0005
4,116,3.645038,0.0005
4,117,3.266784,0.0005
4,118,4.248016,0.0005
4,119,3.722971,0.0005
4,120,3.140385,0.0005
4,121,3.893649,0.0005
4,122,3.659754,0.0005
4,123,4.064519,0.0005
4,124,3.872394,0.0005
4,125,3.302085,0.0005
4,126,3.325845,0.0005
4,127,3.702697,0.0005
4,128,5.239684,0.0005
4,129,3.891807,0.0005
4,130,4.282655,0.0005
4,131,3.433026,0.0005
4,132,3.345914,0.0005
4,133,3.806028,0.0005
4,134,4.166456,0.0005
4,135,2.83193,0.0005
4,136,3.736803,0.0005
4,137,3.903237,0.0005
4,138,3.310877,0.0005
4,139,4.059001,0.0005
4,140,4.230843,0.0005
4,141,3.911246,0.0005
4,142,4.915229,0.0005
4,143,3.430672,0.0005
4,144,3.698956,0.0005
4,145,3.276988,0.0005
4,146,4.061098,0.0005
4,147,3.820025,0.0005
4,148,2.784699,0.0005
4,149,3.630434,0.0005
4,150,5.760334,0.0005
4,151,3.667286,0.0005
4,152,3.949059,0.0005
4,153,3.419973,0.0005
4,154,3.259054,0.0005
4,155,4.030405,0.0005
4,156,3.839737,0.0005
4,157,3.513026,0.0005
4,158,4.384177,0.0005
4,159,3.135675,0.0005
4,160,3.849547,0.0005
4,161,3.997627,0.0005
4,162,2.840696,0.0005
4,163,4.612518,0.0005
4,164,3.65936,0.0005
4,165,3.405959,0.0005
4,166,3.547871,0.0005
4,167,3.335267,0.0005
4,168,4.440451,0.0005
4,169,4.059338,0.0005
4,170,3.84343,0.0005
4,171,3.582279,0.0005
4,172,3.318446,0.0005
4,173,4.41571,0.0005
4,174,3.477523,0.0005
4,175,3.609468,0.0005
4,176,3.510506,0.0005
4,177,3.684954,0.0005
4,178,4.145227,0.0005
4,179,3.473107,0.0005
4,180,4.354956,0.0005
4,181,4.080217,0.0005
4,182,4.243324,0.0005
4,183,4.200835,0.0005
4,184,3.938426,0.0005
4,185,3.441921,0.0005
4,186,4.168673,0.0005
4,187,3.96412,0.0005
4,188,3.913815,0.0005
4,189,3.363377,0.0005
4,190,4.529018,0.0005
4,191,3.902983,0.0005
4,192,4.132742,0.0005
4,193,3.7763,0.0005
4,194,3.7933,0.0005
4,195,3.687815,0.0005
4,196,3.888689,0.0005
4,197,3.764083,0.0005
4,198,3.911217,0.0005
4,199,3.501634,0.0005
4,200,3.293061,0.0005
4,201,3.698487,0.0005
4,202,4.326509,0.0005
4,203,3.23568,0.0005
4,204,4.078804,0.0005
4,205,4.522932,0.0005
4,206,2.980288,0.0005
4,207,3.627579,0.0005
4,208,3.717725,0.0005
4,209,4.282786,0.0005
4,210,3.739303,0.0005
4,211,4.306164,0.0005
4,212,3.462241,0.0005
4,213,3.495234,0.0005
4,214,3.75066,0.0005
4,215,3.517056,0.0005
4,216,3.624701,0.0005
4,217,3.498569,0.0005
4,218,4.135292,0.0005
4,219,3.397863,0.0005
4,220,3.629099,0.0005
4,221,4.168221,0.0005
4,222,3.498621,0.0005
4,223,3.88631,0.0005
4,224,3.613971,0.0005
4,225,4.130015,0.0005
4,226,3.722547,0.0005
4,227,3.754282,0.0005
4,228,3.657406,0.0005
4,229,4.06786,0.0005
4,230,3.541183,0.0005
4,231,3.60893,0.0005
4,232,4.270676,0.0005
4,233,3.643526,0.0005
4,234,4.163232,0.0005
4,235,3.918255,0.0005
4,236,3.904576,0.0005
4,237,3.611752,0.0005
4,238,3.114125,0.0005
4,239,3.66944,0.0005
4,240,3.051491,0.0005
4,241,3.058764,0.0005
4,242,3.724691,0.0005
4,243,3.027452,0.0005
4,244,3.91529,0.0005
4,245,3.968954,0.0005
4,246,3.74634,0.0005
4,247,3.955976,0.0005
4,248,3.72386,0.0005
4,249,3.712433,0.0005
4,250,3.957394,0.0005
4,251,3.250654,0.0005
4,252,4.220958,0.0005
4,253,3.444208,0.0005
4,254,3.653566,0.0005
4,255,3.751319,0.0005
4,256,3.546507,0.0005
4,257,3.942237,0.0005
4,258,3.134385,0.0005
4,259,4.193367,0.0005
4,260,3.548118,0.0005
4,261,3.382365,0.0005
4,262,4.532738,0.0005
4,263,4.428337,0.0005
4,264,4.317665,0.0005
4,265,3.183024,0.0005
4,266,3.779605,0.0005
4,267,3.648979,0.0005
4,268,3.497702,0.0005
4,269,4.26185,0.0005
4,270,4.319598,0.0005
4,271,3.382254,0.0005
4,272,3.693026,0.0005
4,273,3.509644,0.0005
4,274,3.018905,0.0005
4,275,3.18821,0.0005
4,276,3.876064,0.0005
4,277,3.566903,0.0005
4,278,3.731623,0.0005
4,279,3.709965,0.0005
4,280,3.725743,0.0005
4,281,3.272146,0.0005
4,282,3.386903,0.0005
4,283,3.153027,0.0005
4,284,4.277252,0.0005
4,285,3.792636,0.0005
4,286,3.668509,0.0005
4,287,3.675943,0.0005
4,288,3.188294,0.0005
4,289,4.05161,0.0005
4,290,3.948001,0.0005
4,291,3.034275,0.0005
4,292,3.22726,0.0005
4,293,3.657223,0.0005
4,294,4.05699,0.0005
4,295,3.256089,0.0005
4,296,3.927616,0.0005
4,297,3.216929,0.0005
4,298,4.068792,0.0005
4,299,3.413624,0.0005
4,300,3.942998,0.0005
4,301,3.948678,0.0005
4,302,3.487961,0.0005
4,303,3.557197,0.0005
4,304,3.619011,0.0005
4,305,3.721229,0.0005
4,306,3.527451,0.0005
4,307,3.308179,0.0005
4,308,3.337985,0.0005
4,309,5.144352,0.0005
4,310,2.944982,0.0005
4,311,2.843072,0.0005
4,312,3.519197,0.0005
4,313,3.561884,0.0005
4,314,3.975445,0.0005
4,315,3.31727,0.0005
4,316,3.305941,0.0005
4,317,4.156224,0.0005
4,318,3.06143,0.0005
4,319,3.651426,0.0005
4,320,3.954011,0.0005
4,321,3.976361,0.0005
4,322,3.533388,0.0005
4,323,4.065494,0.0005
4,324,3.250082,0.0005
4,325,3.126994,0.0005
4,326,4.17457,0.0005
4,327,3.269673,0.0005
4,328,4.039359,0.0005
4,329,3.547648,0.0005
4,330,3.689145,0.0005
4,331,3.582466,0.0005
4,332,4.308076,0.0005
4,333,3.477751,0.0005
4,334,2.836925,0.0005
4,335,5.229986,0.0005
4,336,3.046374,0.0005
4,337,4.500102,0.0005
4,338,4.692468,0.0005
4,339,3.983302,0.0005
4,340,4.286275,0.0005
4,341,5.180857,0.0005
4,342,3.341144,0.0005
4,343,1.918996,0.0005
5,0,3.909663,0.0005
5,1,3.490509,0.0005
5,2,3.586944,0.0005
5,3,3.790196,0.0005
5,4,3.420209,0.0005
5,5,3.503301,0.0005
5,6,3.628554,0.0005
5,7,3.355605,0.0005
5,8,3.521713,0.0005
5,9,3.071334,0.0005
5,10,3.669513,0.0005
5,11,4.223716,0.0005
5,12,3.387646,0.0005
5,13,3.627449,0.0005
5,14,3.841579,0.0005
5,15,4.058606,0.0005
5,16,3.271817,0.0005
5,17,3.249221,0.0005
5,18,3.638891,0.0005
5,19,4.028632,0.0005
5,20,4.175525,0.0005
5,21,4.319439,0.0005
5,22,3.572802,0.0005
5,23,3.82398,0.0005
5,24,2.817136,0.0005
5,25,3.973126,0.0005
5,26,3.482716,0.0005
5,27,3.489656,0.0005
5,28,4.791151,0.0005
5,29,3.200649,0.0005
5,30,3.360055,0.0005
5,31,4.689854,0.0005
5,32,4.008409,0.0005
5,33,3.565151,0.0005
5,34,3.886495,0.0005
5,35,3.239114,0.0005
5,36,3.677115,0.0005
5,37,4.110593,0.0005
5,38,4.040762,0.0005
5,39,3.164245,0.0005
5,40,3.561767,0.0005
5,41,3.504633,0.0005
5,42,3.165491,0.0005
5,43,3.901041,0.0005
5,44,4.387709,0.0005
5,45,3.693161,0.0005
5,46,3.452654,0.0005
5,47,3.859161,0.0005
5,48,3.100263,0.0005
5,49,3.680107,0.0005
5,50,3.241664,0.0005
5,51,3.495399,0.0005
5,52,3.35876,0.0005
5,53,4.097004,0.0005
5,54,3.609371,0.0005
5,55,3.448256,0.0005
5,56,3.723739,0.0005
5,57,3.531953,0.0005
5,58,3.536296,0.0005
5,59,3.312579,0.0005
5,60,3.689831,0.0005
5,61,3.758341,0.0005
5,62,3.357041,0.0005
5,63,3.564748,0.0005
5,64,3.608937,0.0005
5,65,3.774109,0.0005
5,66,4.004738,0.0005
5,67,3.923807,0.0005
5,68,3.602067,0.0005
5,69,3.007582,0.0005
5,70,4.830471,0.0005
5,71,3.599109,0.0005
5,72,3.796505,0.0005
5,73,3.61812,0.0005
5,74,3.427878,0.0005
5,75,3.657561,0.0005
5,76,3.483344,0.0005
5,77,3.66257,0.0005
5,78,4.421118,0.0005
5,79,3.608417,0.0005
5,80,3.574208,0.0005
5,81,2.887805,0.0005
5,82,3.946548,0.0005
5,83,3.601055,0.0005
5,84,3.568525,0.0005
5,85,3.67732,0.0005
5,86,4.569965,0.0005
5,87,3.349192,0.0005
5,88,4.618717,0.0005
5,89,4.231802,0.0005
5,90,3.281403,0.0005
5,91,4.023171,0.0005
5,92,3.389817,0.0005
5,93,3.772384,0.0005
5,94,3.697607,0.0005
5,95,3.759808,0.0005
5,96,4.589432,0.0005
5,97,4.100727,0.0005
5,98,4.052569,0.0005
5,99,2.946892,0.0005
5,100,2.915939,0.0005
5,101,3.934049,0.0005
5,102,3.50054,0.0005
5,103,3.544862,0.0005
5,104,3.036174,0.0005
5,105,3.264565,0.0005
5,106,4.35737,0.0005
5,107,3.563787,0.0005
5,108,3.897479,0.0005
5,109,3.970574,0.0005
5,110,3.920156,0.0005
5,111,4.128743,0.0005
5,112,4.334239,0.0005
5,113,3.762702,0.0005
5,114,4.158185,0.0005
5,115,3.917652,0.0005
5,116,4.183852,0.0005
5,117,3.028079,0.0005
5,118,4.057902,0.0005
5,119,3.160731,0.0005
5,120,4.207094,0.0005
5,121,3.608027,0.0005
5,122,3.202651,0.0005
5,123,4.148781,0.0005
5,124,3.961704,0.0005
5,125,3.354673,0.0005
5,126,4.270666,0.0005
5,127,3.508503,0.0005
5,128,3.222756,0.0005
5,129,3.475408,0.0005
5,130,3.845498,0.0005
5,131,3.134601,0.0005
5,132,3.740047,0.0005
5,133,3.54657,0.0005
5,134,3.456725,0.0005
5,135,3.809232,0.0005
5,136,4.011375,0.0005
5,137,3.805828,0.0005
5,138,4.534131,0.0005
5,139,3.381003,0.0005
5,140,3.406671,0.0005
5,141,3.537222,0.0005
5,142,3.095097,0.0005
5,143,4.068779,0.0005
5,144,3.868435,0.0005
5,145,3.785561,0.0005
5,146,3.614637,0.0005
5,147,3.858012,0.0005
5,148,3.855776,0.0005
5,149,3.890762,0.0005
5,150,3.778792,0.0005
5,151,3.694558,0.0005
5,152,3.450173,0.0005
5,153,3.163342,0.0005
5,154,3.7961,0.0005
5,155,3.792558,0.0005
5,156,4.23919,0.0005
5,157,3.654913,0.0005
5,158,4.221201,0.0005
5,159,3.327735,0.0005
5,160,3.344987,0.0005
5,161,3.416905,0.0005
5,162,3.645943,0.0005
5,163,3.617962,0.0005
5,164,3.75941,0.0005
5,165,3.381452,0.0005
5,166,4.169446,0.0005
5,167,3.758151,0.0005
5,168,3.926344,0.0005
5,169,3.880656,0.0005
5,170,3.078499,0.0005
5,171,3.731791,0.0005
5,172,3.348173,0.0005
5,173,3.654216,0.0005
5,174,3.520747,0.0005
5,175,3.580279,0.0005
5,176,3.969993,0.0005
5,177,3.742643,0.0005
5,178,3.673642,0.0005
5,179,3.784849,0.0005
5,180,3.633288,0.0005
5,181,4.014034,0.0005
5,182,3.153741,0.0005
5,183,3.649623,0.0005
5,184,3.750721,0.0005
5,185,3.679594,0.0005
5,186,3.692174,0.0005
5,187,3.528266,0.0005
5,188,4.068001,0.0005
5,189,3.098355,0.0005
5,190,4.453714,0.0005
5,191,4.006489,0.0005
5,192,3.703864,0.0005
5,193,4.337173,0.0005
5,194,3.479221,0.0005
5,195,3.254433,0.0005
5,196,3.19956,0.0005
5,197,3.609112,0.0005
5,198,4.081388,0.0005
5,199,3.821667,0.0005
5,200,3.849763,0.0005
5,201,3.512827,0.0005
5,202,4.228745,0.0005
5,203,3.437164,0.0005
5,204,4.4052,0.0005
5,205,3.432651,0.0005
5,206,3.740778,0.0005
5,207,3.873199,0.0005
5,208,3.345624,0.0005
5,209,3.666837,0.0005
5,210,3.517953,0.0005
5,211,3.103564,0.0005
5,212,3.383752,0.0005
5,213,4.075757,0.0005
5,214,3.37269,0.0005
5,215,3.736609,0.0005
5,216,3.886311,0.0005
5,217,3.747228,0.0005
5,218,3.607398,0.0005
5,219,3.651915,0.0005
5,220,3.022695,0.0005
5,221,3.429589,0.0005
5,222,2.931976,0.0005
5,223,3.641645,0.0005
5,224,3.651806,0.0005
5,225,4.297723,0.0005
5,226,3.218081,0.0005
5,227,3.887026,0.0005
5,228,3.30587,0.0005
5,229,4.008242,0.0005
5,230,3.552414,0.0005
5,231,3.069093,0.0005
5,232,2.916288,0.0005
5,233,3.592391,0.0005
5,234,3.184886,0.0005
5,235,2.934074,0.0005
5,236,3.254831,0.0005
5,237,4.092136,0.0005
5,238,3.188574,0.0005
5,239,4.34093,0.0005
5,240,3.99855,0.0005
5,241,3.57779,0.0005
5,242,3.379061,0.0005
5,243,3.396035,0.0005
5,244,3.865111,0.0005
5,245,4.014431,0.0005
5,246,3.194545,0.0005
5,247,4.208634,0.0005
5,248,3.655941,0.0005
5,249,4.51579,0.0005
5,250,3.646302,0.0005
5,251,3.394416,0.0005
5,252,3.73211,0.0005
5,253,3.634947,0.0005
5,254,3.350458,0.0005
5,255,3.44789,0.0005
5,256,3.606259,0.0005
5,257,3.322091,0.0005
5,258,3.869899,0.0005
5,259,3.596545,0.0005
5,260,4.125621,0.0005
5,261,3.681067,0.0005
5,262,3.255257,0.0005
5,263,3.135342,0.0005
5,264,3.595876,0.0005
5,265,2.831331,0.0005
5,266,3.420966,0.0005
5,267,4.081436,0.0005
5,268,3.781418,0.0005
5,269,3.432359,0.0005
5,270,4.018603,0.0005
5,271,3.35818,0.0005
5,272,4.004004,0.0005
5,273,3.672043,0.0005
5,274,3.005806,0.0005
5,275,3.208531,0.0005
5,276,4.186176,0.0005
5,277,3.627838,0.0005
5,278,3.657781,0.0005
5,279,3.764079,0.0005
5,280,4.378866,0.0005
5,281,3.662473,0.0005
5,282,3.327898,0.0005
5,283,4.430013,0.0005
5,284,3.534259,0.0005
5,285,3.649513,0.0005
5,286,3.64997,0.0005
5,287,3.678507,0.0005
5,288,3.909983,0.0005
5,289,4.518307,0.0005
5,290,3.673252,0.0005
5,291,3.274922,0.0005
5,292,3.967598,0.0005
5,293,3.367054,0.0005
5,294,3.102895,0.0005
5,295,3.433038,0.0005
5,296,3.881062,0.0005
5,297,3.971531,0.0005
5,298,3.732041,0.0005
5,299,4.408217,0.0005
5,300,3.921886,0.0005
5,301,4.818217,0.0005
5,302,3.490007,0.0005
5,303,4.019067,0.0005
5,304,3.353437,0.0005
5,305,3.003788,0.0005
5,306,3.508166,0.0005
5,307,2.822045,0.0005
5,308,3.364123,0.0005
5,309,3.558247,0.0005
5,310,3.21954,0.0005
5,311,3.687547,0.0005
5,312,3.226712,0.0005
5,313,4.481941,0.0005
5,314,4.313734,0.0005
5,315,3.664965,0.0005
5,316,3.185333,0.0005
5,317,3.324685,0.0005
5,318,3.974331,0.0005
5,319,3.871791,0.0005
5,320,3.646757,0.0005
5,321,3.747198,0.0005
5,322,3.166184,0.0005
5,323,3.671974,0.0005
5,324,3.307351,0.0005
5,325,3.404795,0.0005
5,326,3.829304,0.0005
5,327,3.334502,0.0005
5,328,3.515327,0.0005
5,329,3.348886,0.0005
5,330,3.158937,0.0005
5,331,3.505092,0.0005
5,332,3.886851,0.0005
5,333,3.6645,0.0005
5,334,3.154189,0.0005
5,335,3.761255,0.0005
5,336,3.388916,0.0005
5,337,3.605746,0.0005
5,338,2.881179,0.0005
5,339,3.443322,0.0005
5,340,4.332665,0.0005
5,341,3.909009,0.0005
5,342,3.376655,0.0005
5,343,4.183842,0.0005
6,0,3.847646,0.0005
6,1,3.623622,0.0005
6,2,4.037657,0.0005
6,3,3.202146,0.0005
6,4,4.09504,0.0005
6,5,3.068072,0.0005
6,6,3.582787,0.0005
6,7,3.283094,0.0005
6,8,3.591552,0.0005
6,9,3.45523,0.0005
6,10,2.953121,0.0005
6,11,4.167799,0.0005
6,12,2.998749,0.0005
6,13,3.358244,0.0005
6,14,3.432817,0.0005
6,15,3.769904,0.0005
6,16,3.913505,0.0005
6,17,3.59082,0.0005
6,18,3.027369,0.0005
6,19,3.872428,0.0005
6,20,3.475016,0.0005
6,21,4.423208,0.0005
6,22,3.935008,0.0005
6,23,3.10186,0.0005
6,24,4.099446,0.0005
6,25,2.973617,0.0005
6,26,3.19808,0.0005
6,27,4.572473,0.0005
6,28,3.293125,0.0005
6,29,3.540536,0.0005
6,30,3.894095,0.0005
6,31,3.63209,0.0005
6,32,3.53688,0.0005
6,33,3.730479,0.0005
6,34,3.500041,0.0005
6,35,3.525845,0.0005
6,36,3.467119,0.0005
6,37,3.484168,0.0005
6,38,3.276731,0.0005
6,39,3.298779,0.0005
6,40,3.549291,0.0005
6,41,3.60733,0.0005
6,42,3.029538,0.0005
6,43,3.868275,0.0005
6,44,3.151132,0.0005
6,45,3.458562,0.0005
6,46,3.771028,0.0005
6,47,3.274401,0.0005
6,48,2.685716,0.0005
6,49,3.10698,0.0005
6,50,4.503007,0.0005
6,51,4.770066,0.0005
6,52,3.915232,0.0005
6,53,3.728908,0.0005
6,54,3.898417,0.0005
6,55,3.257836,0.0005
6,56,3.482882,0.0005
6,57,3.478799,0.0005
6,58,3.671965,0.0005
6,59,3.028593,0.0005
6,60,3.69192,0.0005
6,61,3.049274,0.0005
6,62,3.255634,0.0005
6,63,3.876804,0.0005
6,64,3.420575,0.0005
6,65,3.667385,0.0005
6,66,3.537837,0.0005
6,67,4.090149,0.0005
6,68,3.629322,0.0005
6,69,5.49485,0.0005
6,70,3.214493,0.0005
6,71,3.842975,0.0005
6,72,3.967588,0.0005
6,73,3.702898,0.0005
6,74,3.93311,0.0005
6,75,4.104128,0.0005
6,76,3.234329,0.0005
6,77,3.837958,0.0005
6,78,3.991268,0.0005
6,79,3.162632,0.0005
6,80,3.397959,0.0005
6,81,3.988729,0.0005
6,82,3.269553,0.0005
6,83,3.647206,0.0005
6,84,3.664406,0.0005
6,85,3.906894,0.0005
6,86,3.334782,0.0005
6,87,4.509839,0.0005
6,88,3.543065,0.0005
6,89,3.500974,0.0005
6,90,3.758562,0.0005
6,91,3.086107,0.0005
6,92,3.463285,0.0005
6,93,3.416839,0.0005
6,94,3.883977,0.0005
6,95,3.35362,0.0005
6,96,3.367155,0.0005
6,97,3.858144,0.0005
6,98,2.984858,0.0005
6,99,3.512455,0.0005
6,100,3.369807,0.0005
6,101,3.607481,0.0005
6,102,3.863673,0.0005
6,103,3.43209,0.0005
6,104,3.631423,0.0005
6,105,3.153023,0.0005
6,106,3.882944,0.0005
6,107,3.391019,0.0005
6,108,3.395851,0.0005
6,109,3.975662,0.0005
6,110,2.826364,0.0005
6,111,3.852581,0.0005
6,112,2.999331,0.0005
6,113,3.512917,0.0005
6,114,3.577603,0.0005
6,115,2.865367,0.0005
6,116,3.251859,0.0005
6,117,4.309524,0.0005
6,118,3.69951,0.0005
6,119,4.520593,0.0005
6,120,3.048002,0.0005
6,121,3.094607,0.0005
6,122,3.774969,0.0005
6,123,3.432013,0.0005
6,124,3.190145,0.0005
6,125,3.466067,0.0005
6,126,4.245763,0.0005
6,127,4.160204,0.0005
6,128,3.545265,0.0005
6,129,4.034499,0.0005
6,130,3.49075,0.0005
6,131,3.281422,0.0005
6,132,3.154649,0.0005
6,133,3.479817,0.0005
6,134,3.613973,0.0005
6,135,4.475856,0.0005
6,136,2.766647,0.0005
6,137,3.495239,0.0005
6,138,3.741174,0.0005
6,139,3.87953,0.0005
6,140,4.497013,0.0005
6,141,3.466163,0.0005
6,142,2.961168,0.0005
6,143,3.909298,0.0005
6,144,3.197261,0.0005
6,145,3.057644,0.0005
6,146,3.468872,0.0005
6,147,4.276015,0.0005
6,148,3.669549,0.0005
6,149,3.963659,0.0005
6,150,3.325667,0.0005
6,151,3.607534,0.0005
6,152,3.88174,0.0005
6,153,3.179273,0.0005
6,154,3.597219,0.0005
6,155,3.923403,0.0005
6,156,3.635363,0.0005
6,157,3.198112,0.0005
6,158,3.869576,0.0005
6,159,3.260544,0.0005
6,160,3.403572,0.0005
6,161,3.601905,0.0005
6,162,3.014931,0.0005
6,163,3.647693,0.0005
6,164,3.780379,0.0005
6,165,3.366698,0.0005
6,166,3.685839,0.0005
6,167,3.977633,0.0005
6,168,3.482399,0.0005
6,169,3.571606,0.0005
6,170,2.901712,0.0005
6,171,3.659628,0.0005
6,172,3.67477,0.0005
6,173,3.402939,0.0005
6,174,2.986654,0.0005
6,175,3.312963,0.0005
6,176,4.248276,0.0005
6,177,3.399446,0.0005
6,178,3.863265,0.0005
6,179,3.033487,0.0005
6,180,3.995186,0.0005
6,181,3.527276,0.0005
6,182,3.96267,0.0005
6,183,3.324292,0.0005
6,184,2.615663,0.0005
6,185,3.206365,0.0005
6,186,3.551385,0.0005
6,187,3.360882,0.0005
6,188,3.435751,0.0005
6,189,3.203905,0.0005
6,190,3.844028,0.0005
6,191,3.402901,0.0005
6,192,3.777848,0.0005
6,193,4.074742,0.0005
6,194,3.697113,0.0005
6,195,3.781323,0.0005
6,196,3.161787,0.0005
6,197,4.054777,0.0005
6,198,3.658165,0.0005
6,199,3.338678,0.0005
6,200,3.554767,0.0005
6,201,3.757894,0.0005
6,202,4.225515,0.0005
6,203,3.485038,0.0005
6,204,3.654815,0.0005
6,205,3.333325,0.0005
6,206,4.221851,0.0005
6,207,2.89397,0.0005
6,208,3.610883,0.0005
6,209,3.923011,0.0005
6,210,3.433876,0.0005
6,211,3.015158,0.0005
6,212,2.784241,0.0005
6,213,2.649185,0.0005
6,214,3.811615,0.0005
6,215,3.92924,0.0005
6,216,3.516191,0.0005
6,217,3.30355,0.0005
6,218,3.149554,0.0005
6,219,3.3214,0.0005
6,220,3.763635,0.0005
6,221,3.88287,0.0005
6,222,2.804843,0.0005
6,223,4.069569,0.0005
6,224,3.682087,0.0005
6,225,4.088023,0.0005
6,226,3.706735,0.0005
6,227,3.567701,0.0005
6,228,3.703007,0.0005
6,229,4.528422,0.0005
6,230,3.020385,0.0005
6,231,4.205941,0.0005
6,232,3.158325,0.0005
6,233,3.534019,0.0005
6,234,3.682381,0.0005
6,235,3.35992,0.0005
6,236,3.522265,0.0005
6,237,3.630186,0.0005
6,238,3.181794,0.0005
6,239,3.284672,0.0005
6,240,3.90108,0.0005
6,241,3.425444,0.0005
6,242,3.194448,0.0005
6,243,3.268272,0.0005
6,244,3.291654,0.0005
6,245,3.496603,0.0005
6,246,3.823554,0.0005
6,247,3.459538,0.0005
6,248,3.522849,0.0005
6,249,3.586221,0.0005
6,250,3.554376,0.0005
6,251,3.210417,0.0005
6,252,3.406841,0.0005
6,253,3.828226,0.0005
6,254,3.553811,0.0005
6,255,3.330108,0.0005
6,256,3.544547,0.0005
6,257,3.523571,0.0005
6,258,3.804708,0.0005
6,259,2.937254,0.0005
6,260,3.740254,0.0005
6,261,3.404426,0.0005
6,262,3.927989,0.0005
6,263,3.17964,0.0005
6,264,3.487808,0.0005
6,265,4.118788,0.0005
6,266,3.759317,0.0005
6,267,3.523041,0.0005
6,268,3.956853,0.0005
6,269,3.392165,0.0005
6,270,4.084755,0.0005
6,271,2.945424,0.0005
6,272,3.602427,0.0005
6,273,3.214737,0.0005
6,274,3.432791,0.0005
6,275,3.769157,0.0005
6,276,3.655234,0.0005
6,277,3.280452,0.0005
6,278,3.56645,0.0005
6,279,3.734424,0.0005
6,280,3.681787,0.0005
6,281,3.325228,0.0005
6,282,3.41909,0.0005
6,283,3.473068,0.0005
6,284,3.102588,0.0005
6,285,5.550052,0.0005
6,286,3.475096,0.0005
6,287,3.45458,0.0005
6,288,3.709404,0.0005
6,289,4.132027,0.0005
6,290,3.54285,0.0005
6,291,2.90337,0.0005
6,292,3.430549,0.0005
6,293,3.249332,0.0005
6,294,3.351409,0.0005
6,295,3.658393,0.0005
6,296,3.284808,0.0005
6,297,3.608665,0.0005
6,298,3.768123,0.0005
6,299,3.970713,0.0005
6,300,3.219278,0.0005
6,301,4.197049,0.0005
6,302,3.605753,0.0005
6,303,4.054194,0.0005
6,304,3.603658,0.0005
6,305,3.868102,0.0005
6,306,4.155375,0.0005
6,307,3.598228,0.0005
6,308,3.541295,0.0005
6,309,3.467795,0.0005
6,310,3.496896,0.0005
6,311,4.552098,0.0005
6,312,4.152898,0.0005
6,313,3.933185,0.0005
6,314,3.481662,0.0005
6,315,3.366346,0.0005
6,316,3.259673,0.0005
6,317,3.256426,0.0005
6,318,2.982371,0.0005
6,319,3.647686,0.0005
6,320,3.279971,0.0005
6,321,3.02044,0.0005
6,322,4.705386,0.0005
6,323,3.583826,0.0005
6,324,3.154971,0.0005
6,325,3.308187,0.0005
6,326,3.471287,0.0005
6,327,3.864776,0.0005
6,328,3.420511,0.0005
6,329,3.348174,0.0005
6,330,3.041574,0.0005
6,331,3.486148,0.0005
6,332,3.426159,0.0005
6,333,3.647267,0.0005
6,334,3.683295,0.0005
6,335,3.856815,0.0005
6,336,3.882176,0.0005
6,337,3.205401,0.0005
6,338,3.763069,0.0005
6,339,3.303385,0.0005
6,340,3.11398,0.0005
6,341,3.439084,0.0005
6,342,3.912415,0.0005
6,343,3.573464,0.0005
7,0,2.815227,0.0005
7,1,4.205027,0.0005
7,2,3.737673,0.0005
7,3,3.74418,0.0005
7,4,3.686863,0.0005
7,5,3.320837,0.0005
7,6,3.54551,0.0005
7,7,3.766772,0.0005
7,8,3.445447,0.0005
7,9,3.425361,0.0005
7,10,3.915014,0.0005
7,11,4.183377,0.0005
7,12,2.73262,0.0005
7,13,3.944316,0.0005
7,14,3.471252,0.0005
7,15,3.382857,0.0005
7,16,3.424322,0.0005
7,17,4.094664,0.0005
7,18,3.397777,0.0005
7,19,3.569232,0.0005
7,20,3.920611,0.0005
7,21,3.045211,0.0005
7,22,3.562204,0.0005
7,23,3.167543,0.0005
7,24,3.531868,0.0005
7,25,3.627714,0.0005
7,26,3.508617,0.0005
7,27,3.887156,0.0005
7,28,3.88592,0.0005
7,29,2.92689,0.0005
7,30,3.682864,0.0005
7,31,4.715499,0.0005
7,32,3.574615,0.0005
7,33,3.653829,0.0005
7,34,2.979699,0.0005
7,35,3.089962,0.0005
7,36,3.508205,0.0005
7,37,4.212082,0.0005
7,38,3.142136,0.0005
7,39,3.30893,0.0005
7,40,3.524218,0.0005
7,41,2.996991,0.0005
7,42,3.250674,0.0005
7,43,3.29136,0.0005
7,44,3.398393,0.0005
7,45,3.505343,0.0005
7,46,3.315809,0.0005
7,47,3.601409,0.0005
7,48,3.233937,0.0005
7,49,3.726954,0.0005
7,50,3.604252,0.0005
7,51,3.304239,0.0005
7,52,3.591727,0.0005
7,53,3.509421,0.0005
7,54,3.748972,0.0005
7,55,2.904239,0.0005
7,56,3.521591,0.0005
7,57,3.226012,0.0005
7,58,3.843447,0.0005
7,59,3.662132,0.0005
7,60,4.444645,0.0005
7,61,3.163934,0.0005
7,62,3.201574,0.0005
7,63,3.581572,0.0005
7,64,3.746703,0.0005
7,65,3.807359,0.0005
7,66,2.923156,0.0005
7,67,3.272415,0.0005
7,68,2.956264,0.0005
7,69,3.587252,0.0005
7,70,4.007121,0.0005
7,71,3.365385,0.0005
7,72,3.059793,0.0005
7,73,3.878164,0.0005
7,74,3.833735,0.0005
7,75,3.729032,0.0005
7,76,4.439404,0.0005
7,77,3.674055,0.0005
7,78,3.187988,0.0005
7,79,3.73688,0.0005
7,80,3.26686,0.0005
7,81,3.304807,0.0005
7,82,4.925293,0.0005
7,83,3.948053,0.0005
7,84,3.609577,0.0005
7,85,3.595829,0.0005
7,86,3.835997,0.0005
7,87,3.701828,0.0005
7,88,3.552241,0.0005
7,89,3.273727,0.0005
7,90,3.652306,0.0005
7,91,3.486706,0.0005
7,92,3.404055,0.0005
7,93,3.426456,0.0005
7,94,3.330996,0.0005
7,95,3.578481,0.0005
7,96,3.383411,0.0005
7,97,2.814185,0.0005
7,98,3.385197,0.0005
7,99,3.178969,0.0005
7,100,3.401801,0.0005
7,101,3.54897,0.0005
7,102,3.519905,0.0005
7,103,3.193469,0.0005
7,104,3.8859,0.0005
7,105,2.936038,0.0005
7,106,3.390502,0.0005
7,107,3.132203,0.0005
7,108,3.30688,0.0005
7,109,3.699068,0.0005
7,110,3.060036,0.0005
7,111,3.608001,0.0005
7,112,4.219317,0.0005
7,113,3.57035,0.0005
7,114,3.385667,0.0005
7,115,3.515071,0.0005
7,116,3.595355,0.0005
7,117,3.152012,0.0005
7,118,3.964791,0.0005
7,119,3.643527,0.0005
7,120,3.040373,0.0005
7,121,3.118024,0.0005
7,122,3.721431,0.0005
7,123,3.625921,0.0005
7,124,3.005662,0.0005
7,125,3.561543,0.0005
7,126,3.764823,0.0005
7,127,3.410508,0.0005
7,128,2.99864,0.0005
7,129,3.37666,0.0005
7,130,3.651931,0.0005
7,131,3.614077,0.0005
7,132,3.035504,0.0005
7,133,2.855234,0.0005
7,134,3.129325,0.0005
7,135,4.241568,0.0005
7,136,3.299214,0.0005
7,137,3.801284,0.0005
7,138,3.884234,0.0005
7,139,3.257937,0.0005
7,140,3.901624,0.0005
7,141,2.993665,0.0005
7,142,4.160949,0.0005
7,143,3.630114,0.0005
7,144,2.985094,0.0005
7,145,3.388456,0.0005
7,146,3.310715,0.0005
7,147,3.411635,0.0005
7,148,4.058599,0.0005
7,149,3.744065,0.0005
7,150,4.015395,0.0005
7,151,4.001955,0.0005
7,152,3.770759,0.0005
7,153,3.317715,0.0005
7,154,3.448356,0.0005
7,155,3.13695,0.0005
7,156,3.338068,0.0005
7,157,4.041435,0.0005
7,158,3.293857,0.0005
7,159,3.080229,0.0005
7,160,2.920832,0.0005
7,161,3.189814,0.0005
7,162,3.289479,0.0005
7,163,3.275323,0.0005
7,164,3.749647,0.0005
7,165,3.163385,0.0005
7,166,3.438983,0.0005
7,167,3.415707,0.0005
7,168,4.896616,0.0005
7,169,3.103896,0.0005
7,170,3.400892,0.0005
7,171,3.891329,0.0005
7,172,4.008072,0.0005
7,173,3.628471,0.0005
7,174,3.59553,0.0005
7,175,2.549855,0.0005
7,176,3.947173,0.0005
7,177,4.427235,0.0005
7,178,2.816883,0.0005
7,179,3.726783,0.0005
7,180,4.054849,0.0005
7,181,3.137587,0.0005
7,182,3.859099,0.0005
7,183,3.373851,0.0005
7,184,3.215924,0.0005
7,185,3.533821,0.0005
7,186,3.004789,0.0005
7,187,3.25091,0.0005
7,188,3.636802,0.0005
7,189,3.134836,0.0005
7,190,3.640602,0.0005
7,191,3.132077,0.0005
7,192,4.078916,0.0005
7,193,3.373356,0.0005
7,194,3.617599,0.0005
7,195,3.016566,0.0005
7,196,4.262811,0.0005
7,197,2.851779,0.0005
7,198,3.075573,0.0005
7,199,3.642668,0.0005
7,200,3.746698,0.0005
7,201,3.930684,0.0005
7,202,3.414896,0.0005
7,203,3.465464,0.0005
7,204,3.670631,0.0005
7,205,3.362495,0.0005
7,206,3.404852,0.0005
7,207,4.028153,0.0005
7,208,2.703981,0.0005
7,209,3.774619,0.0005
7,210,2.96176,0.0005
7,211,3.894324,0.0005
7,212,3.554158,0.0005
7,213,3.407319,0.0005
7,214,3.717818,0.0005
7,215,3.521456,0.0005
7,216,3.302682,0.0005
7,217,3.178926,0.0005
7,218,3.841194,0.0005
7,219,2.803345,0.0005
7,220,4.623039,0.0005
7,221,3.654852,0.0005
7,222,3.069319,0.0005
7,223,3.693955,0.0005
7,224,3.661113,0.0005
7,225,3.660483,0.0005
7,226,3.940884,0.0005
7,227,3.724951,0.0005
7,228,3.222689,0.0005
7,229,3.497508,0.0005
7,230,3.312226,0.0005
7,231,4.077789,0.0005
7,232,3.64094,0.0005
7,233,3.12878,0.0005
7,234,3.921617,0.0005
7,235,3.620106,0.0005
7,236,3.864959,0.0005
7,237,4.209692,0.0005
7,238,3.260284,0.0005
7,239,3.435093,0.0005
7,240,3.401911,0.0005
7,241,3.265441,0.0005
7,242,3.507735,0.0005
7,243,3.053295,0.0005
7,244,2.880829,0.0005
7,245,3.18239,0.0005
7,246,3.642412,0.0005
7,247,3.9702,0.0005
7,248,3.583793,0.0005
7,249,3.22141,0.0005
7,250,4.220195,0.0005
7,251,3.077131,0.0005
7,252,3.328338,0.0005
7,253,3.604303,0.0005
7,254,3.69666,0.0005
7,255,3.512425,0.0005
7,256,3.24312,0.0005
7,257,3.248329,0.0005
7,258,3.558196,0.0005
7,259,3.971715,0.0005
7,260,3.860334,0.0005
7,261,3.11524,0.0005
7,262,4.100177,0.0005
7,263,3.486645,0.0005
7,264,3.383295,0.0005
7,265,3.7503,0.0005
7,266,3.333858,0.0005
7,267,3.422328,0.0005
7,268,3.48247,0.0005
7,269,3.667608,0.0005
7,270,3.410512,0.0005
7,271,3.508107,0.0005
7,272,3.036073,0.0005
7,273,3.179774,0.0005
7,274,3.586188,0.0005
7,275,3.364988,0.0005
7,276,4.201847,0.0005
7,277,3.223253,0.0005
7,278,3.189335,0.0005
7,279,2.998869,0.0005
7,280,3.331336,0.0005
7,281,2.979649,0.0005
7,282,3.559438,0.0005
7,283,3.7285,0.0005
7,284,3.687049,0.0005
7,285,2.988605,0.0005
7,286,3.112256,0.0005
7,287,3.386669,0.0005
7,288,3.419083,0.0005
7,289,3.574598,0.0005
7,290,3.493084,0.0005
7,291,3.288984,0.0005
7,292,3.952307,0.0005
7,293,3.945295,0.0005
7,294,3.727372,0.0005
7,295,3.58724,0.0005
7,296,3.898871,0.0005
7,297,4.0179,0.0005
7,298,3.001954,0.0005
7,299,3.277633,0.0005
7,300,4.464716,0.0005
7,301,3.33398,0.0005
7,302,3.417505,0.0005
7,303,4.093627,0.0005
7,304,3.218701,0.0005
7,305,2.773478,0.0005
7,306,2.804535,0.0005
7,307,2.992916,0.0005
7,308,3.717332,0.0005
7,309,4.350025,0.0005
7,310,4.184316,0.0005
7,311,3.106186,0.0005
7,312,3.419127,0.0005
7,313,2.881133,0.0005
7,314,3.65176,0.0005
7,315,3.137879,0.0005
7,316,3.47438,0.0005
7,317,3.043249,0.0005
7,318,3.078562,0.0005
7,319,3.40276,0.0005
7,320,3.523182,0.0005
7,321,3.652578,0.0005
7,322,3.328402,0.0005
7,323,4.06426,0.0005
7,324,3.132345,0.0005
7,325,3.407001,0.0005
7,326,3.478485,0.0005
7,327,3.592833,0.0005
7,328,3.752698,0.0005
7,329,3.377213,0.0005
7,330,4.294744,0.0005
7,331,4.173063,0.0005
7,332,3.458654,0.0005
7,333,4.126171,0.0005
7,334,3.340966,0.0005
7,335,3.519079,0.0005
7,336,3.161793,0.0005
7,337,4.146802,0.0005
7,338,3.569584,0.0005
7,339,3.390443,0.0005
7,340,3.17755,0.0005
7,341,3.246227,0.0005
7,342,3.564905,0.0005
7,343,6.730149,0.0005
8,0,3.598561,0.0005
8,1,3.384873,0.0005
8,2,3.056607,0.0005
8,3,3.695462,0.0005
8,4,3.083919,0.0005
8,5,3.465637,0.0005
8,6,3.174385,0.0005
8,7,3.469638,0.0005
8,8,4.21795,0.0005
8,9,3.259639,0.0005
8,10,3.187834,0.0005
8,11,3.224537,0.0005
8,12,3.217379,0.0005
8,13,3.80937,0.0005
8,14,3.605951,0.0005
8,15,3.789312,0.0005
8,16,3.446355,0.0005
8,17,3.139575,0.0005
8,18,3.170068,0.0005
8,19,2.833374,0.0005
8,20,3.984428,0.0005
8,21,3.448052,0.0005
8,22,2.886902,0.0005
8,23,3.275583,0.0005
8,24,3.0717,0.0005
8,25,3.279217,0.0005
8,26,3.405189,0.0005
8,27,2.880224,0.0005
8,28,3.319493,0.0005
8,29,2.736367,0.0005
8,30,2.841423,0.0005
8,31,3.695733,0.0005
8,32,3.943974,0.0005
8,33,2.942583,0.0005
8,34,3.503383,0.0005
8,35,3.255004,0.0005
8,36,3.105536,0.0005
8,37,3.182365,0.0005
8,38,3.314783,0.0005
8,39,3.455163,0.0005
8,40,3.924817,0.0005
8,41,3.385535,0.0005
8,42,3.080609,0.0005
8,43,3.638886,0.0005
8,44,3.602244,0.0005
8,45,3.723201,0.0005
8,46,3.932074,0.0005
8,47,4.067208,0.0005
8,48,3.557466,0.0005
8,49,3.318905,0.0005
8,50,3.247693,0.0005
8,51,3.596064,0.0005
8,52,3.231982,0.0005
8,53,2.833199,0.0005
8,54,3.448979,0.0005
8,55,3.325353,0.0005
8,56,3.573029,0.0005
8,57,2.688797,0.0005
8,58,3.247964,0.0005
8,59,2.959336,0.0005
8,60,3.005213,0.0005
8,61,4.103154,0.0005
8,62,3.207733,0.0005
8,63,3.620009,0.0005
8,64,3.768795,0.0005
8,65,3.354152,0.0005
8,66,3.572333,0.0005
8,67,3.206623,0.0005
8,68,7.201261,0.0005
8,69,3.981271,0.0005
8,70,3.302067,0.0005
8,71,4.317272,0.0005
8,72,3.270225,0.0005
8,73,3.551625,0.0005
8,74,3.526349,0.0005
8,75,3.449352,0.0005
8,76,3.524429,0.0005
8,77,3.055767,0.0005
8,78,3.705461,0.0005
8,79,3.325205,0.0005
8,80,3.23687,0.0005
8,81,3.056484,0.0005
8,82,2.860903,0.0005
8,83,3.427838,0.0005
8,84,2.883232,0.0005
8,85,3.591449,0.0005
8,86,3.125553,0.0005
8,87,3.016591,0.0005
8,88,3.846251,0.0005
8,89,3.182091,0.0005
8,90,3.833907,0.0005
8,91,3.582471,0.0005
8,92,3.581029,0.0005
8,93,3.27787,0.0005
8,94,3.511328,0.0005
8,95,3.18247,0.0005
8,96,4.212231,0.0005
8,97,3.977229,0.0005
8,98,3.815892,0.0005
8,99,3.887402,0.0005
8,100,2.593328,0.0005
8,101,3.412574,0.0005
8,102,3.852509,0.0005
8,103,4.1436,0.0005
8,104,3.023825,0.0005
8,105,3.336813,0.0005
8,106,3.20522,0.0005
8,107,3.759671,0.0005
8,108,4.197262,0.0005
8,109,2.986655,0.0005
8,110,3.722728,0.0005
8,111,3.919326,0.0005
8,112,3.657391,0.0005
8,113,3.466363,0.0005
8,114,3.063138,0.0005
8,115,3.498765,0.0005
8,116,3.119301,0.0005
8,117,3.620649,0.0005
8,118,2.923829,0.0005
8,119,3.493326,0.0005
8,120,3.725511,0.0005
8,121,2.998855,0.0005
8,122,2.867063,0.0005
8,123,3.200323,0.0005
8,124,3.337464,0.0005
8,125,3.823596,0.0005
8,126,3.375192,0.0005
8,127,2.996715,0.0005
8,128,3.136347,0.0005
8,129,3.371562,0.0005
8,130,3.38796,0.0005
8,131,3.479028,0.0005
8,132,2.943946,0.0005
8,133,2.832265,0.0005
8,134,3.447488,0.0005
8,135,3.384567,0.0005
8,136,3.915408,0.0005
8,137,3.253169,0.0005
8,138,2.751779,0.0005
8,139,4.195589,0.0005
8,140,3.686063,0.0005
8,141,2.78878,0.0005
8,142,3.132749,0.0005
8,143,3.10413,0.0005
8,144,3.54551,0.0005
8,145,2.825106,0.0005
8,146,3.696574,0.0005
8,147,3.021053,0.0005
8,148,3.192389,0.0005
8,149,2.892009,0.0005
8,150,3.593602,0.0005
8,151,2.984061,0.0005
8,152,3.370266,0.0005
8,153,3.404715,0.0005
8,154,3.374443,0.0005
8,155,3.088299,0.0005
8,156,3.359239,0.0005
8,157,3.835132,0.0005
8,158,4.161623,0.0005
8,159,3.342843,0.0005
8,160,4.051983,0.0005
8,161,3.439779,0.0005
8,162,3.590698,0.0005
8,163,3.743492,0.0005
8,164,3.13133,0.0005
8,165,3.724882,0.0005
8,166,3.914675,0.0005
8,167,3.320333,0.0005
8,168,3.532506,0.0005
8,169,3.593098,0.0005
8,170,3.862675,0.0005
8,171,3.494972,0.0005
8,172,3.089815,0.0005
8,173,3.586071,0.0005
8,174,3.573889,0.0005
8,175,4.255582,0.0005
8,176,3.786468,0.0005
8,177,3.08538,0.0005
8,178,3.831082,0.0005
8,179,3.220769,0.0005
8,180,2.930786,0.0005
8,181,3.837874,0.0005
8,182,3.806551,0.0005
8,183,3.360075,0.0005
8,184,3.610105,0.0005
8,185,2.875931,0.0005
8,186,3.248024,0.0005
8,187,3.148654,0.0005
8,188,2.787308,0.0005
8,189,3.511059,0.0005
8,190,3.797347,0.0005
8,191,3.265644,0.0005
8,192,4.730496,0.0005
8,193,3.146517,0.0005
8,194,3.487818,0.0005
8,195,3.325533,0.0005
8,196,3.903148,0.0005
8,197,3.207748,0.0005
8,198,3.02691,0.0005
8,199,3.159204,0.0005
8,200,3.315057,0.0005
8,201,3.346914,0.0005
8,202,3.558605,0.0005
8,203,3.968911,0.0005
8,204,3.340991,0.0005
8,205,3.33597,0.0005
8,206,2.87983,0.0005
8,207,3.617646,0.0005
8,208,3.659577,0.0005
8,209,3.531495,0.0005
8,210,3.59812,0.0005
8,211,4.055225,0.0005
8,212,3.685227,0.0005
8,213,3.602192,0.0005
8,214,3.243997,0.0005
8,215,3.128932,0.0005
8,216,3.149318,0.0005
8,217,3.681492,0.0005
8,218,3.421799,0.0005
8,219,3.791689,0.0005
8,220,3.405534,0.0005
8,221,3.107612,0.0005
8,222,4.075943,0.0005
8,223,3.171019,0.0005
8,224,3.355562,0.0005
8,225,4.458912,0.0005
8,226,3.178749,0.0005
8,227,3.658855,0.0005
8,228,3.033442,0.0005
8,229,3.371966,0.0005
8,230,3.226968,0.0005
8,231,3.549401,0.0005
8,232,3.14034,0.0005
8,233,3.463807,0.0005
8,234,3.74384,0.0005
8,235,2.651876,0.0005
8,236,3.165538,0.0005
8,237,3.325757,0.0005
8,238,3.616119,0.0005
8,239,3.425176,0.0005
8,240,3.394722,0.0005
8,241,2.948324,0.0005
8,242,3.070474,0.0005
8,243,2.778498,0.0005
8,244,3.623673,0.0005
8,245,3.876791,0.0005
8,246,3.796352,0.0005
8,247,3.785614,0.0005
8,248,2.956797,0.0005
8,249,3.422737,0.0005
8,250,3.317086,0.0005
8,251,2.929019,0.0005
8,252,3.252229,0.0005
8,253,2.680269,0.0005
8,254,2.967823,0.0005
8,255,3.172638,0.0005
8,256,2.694983,0.0005
8,257,3.589119,0.0005
8,258,3.678366,0.0005
8,259,3.55987,0.0005
8,260,3.53775,0.0005
8,261,3.990721,0.0005
8,262,3.540118,0.0005
8,263,3.693753,0.0005
8,264,3.360806,0.0005
8,265,4.483919,0.0005
8,266,2.843522,0.0005
8,267,3.436725,0.0005
8,268,3.20767,0.0005
8,269,3.848628,0.0005
8,270,4.06172,0.0005
8,271,3.435421,0.0005
8,272,3.41862,0.0005
8,273,4.008338,0.0005
8,274,3.187617,0.0005
8,275,3.41276,0.0005
8,276,3.172325,0.0005
8,277,3.284212,0.0005
8,278,3.173527,0.0005
8,279,4.013462,0.0005
8,280,2.916003,0.0005
8,281,3.237701,0.0005
8,282,3.479386,0.0005
8,283,3.289458,0.0005
8,284,3.721746,0.0005
8,285,4.353088,0.0005
8,286,3.758863,0.0005
8,287,3.75924,0.0005
8,288,3.577498,0.0005
8,289,3.337555,0.0005
8,290,2.927683,0.0005
8,291,2.786148,0.0005
8,292,3.543961,0.0005
8,293,3.428128,0.0005
8,294,3.478017,0.0005
8,295,3.68049,0.0005
8,296,3.447893,0.0005
8,297,3.184491,0.0005
8,298,4.124139,0.0005
8,299,3.574547,0.0005
8,300,2.849074,0.0005
8,301,3.516097,0.0005
8,302,3.203755,0.0005
8,303,3.281138,0.0005
8,304,3.297561,0.0005
8,305,3.311449,0.0005
8,306,3.459597,0.0005
8,307,3.685858,0.0005
8,308,4.837889,0.0005
8,309,3.992592,0.0005
8,310,3.35861,0.0005
8,311,3.53088,0.0005
8,312,3.614954,0.0005
8,313,3.624169,0.0005
8,314,3.336026,0.0005
8,315,3.166557,0.0005
8,316,2.595156,0.0005
8,317,2.984799,0.0005
8,318,3.640088,0.0005
8,319,3.37485,0.0005
8,320,3.529116,0.0005
8,321,3.565871,0.0005
8,322,3.398585,0.0005
8,323,3.339936,0.0005
8,324,3.151556,0.0005
8,325,3.228236,0.0005
8,326,3.533991,0.0005
8,327,3.442068,0.0005
8,328,3.619791,0.0005
8,329,3.874307,0.0005
8,330,3.511285,0.0005
8,331,3.394579,0.0005
8,332,3.079178,0.0005
8,333,3.452347,0.0005
8,334,3.176521,0.0005
8,335,4.130934,0.0005
8,336,3.881369,0.0005
8,337,3.171922,0.0005
8,338,3.343888,0.0005
8,339,3.709467,0.0005
8,340,3.17525,0.0005
8,341,3.88045,0.0005
8,342,3.393835,0.0005
8,343,2.429828,0.0005
9,0,3.695848,0.0005
9,1,3.647368,0.0005
9,2,3.131671,0.0005
9,3,3.401415,0.0005
9,4,3.311174,0.0005
9,5,4.683797,0.0005
9,6,3.957301,0.0005
9,7,3.38211,0.0005
9,8,4.351421,0.0005
9,9,3.795614,0.0005
9,10,3.56665,0.0005
9,11,3.760487,0.0005
9,12,3.078576,0.0005
9,13,3.467741,0.0005
9,14,3.495002,0.0005
9,15,2.856386,0.0005
9,16,4.085103,0.0005
9,17,3.167693,0.0005
9,18,2.692999,0.0005
9,19,3.438332,0.0005
9,20,3.633157,0.0005
9,21,3.07503,0.0005
9,22,3.081939,0.0005
9,23,3.38167,0.0005
9,24,3.34495,0.0005
9,25,3.025736,0.0005
9,26,3.237476,0.0005
9,27,2.592568,0.0005
9,28,3.35232,0.0005
9,29,3.337168,0.0005
9,30,3.134724,0.0005
9,31,3.513795,0.0005
9,32,3.784372,0.0005
9,33,3.457783,0.0005
9,34,3.010572,0.0005
9,35,3.144969,0.0005
9,36,3.799565,0.0005
9,37,3.936388,0.0005
9,38,2.953062,0.0005
9,39,3.386195,0.0005
9,40,3.563289,0.0005
9,41,3.458317,0.0005
9,42,3.202777,0.0005
9,43,3.231543,0.0005
9,44,3.344339,0.0005
9,45,2.733644,0.0005
9,46,2.707145,0.0005
9,47,3.195184,0.0005
9,48,3.261379,0.0005
9,49,3.607624,0.0005
9,50,3.059613,0.0005
9,51,4.115993,0.0005
9,52,3.325741,0.0005
9,53,3.366097,0.0005
9,54,2.919129,0.0005
9,55,3.117007,0.0005
9,56,3.520011,0.0005
9,57,3.797569,0.0005
9,58,3.717463,0.0005
9,59,3.332178,0.0005
9,60,3.721356,0.0005
9,61,2.958896,0.0005
9,62,3.187135,0.0005
9,63,2.960321,0.0005
9,64,3.436951,0.0005
9,65,3.057082,0.0005
9,66,4.238901,0.0005
9,67,3.426604,0.0005
9,68,4.171142,0.0005
9,69,3.020579,0.0005
9,70,3.818436,0.0005
9,71,3.271678,0.0005
9,72,2.9425,0.0005
9,73,3.494058,0.0005
9,74,3.514258,0.0005
9,75,2.999813,0.0005
9,76,3.536293,0.0005
9,77,3.304003,0.0005
9,78,3.923055,0.0005
9,79,3.553957,0.0005
9,80,3.400222,0.0005
9,81,3.201684,0.0005
9,82,3.208608,0.0005
9,83,3.276709,0.0005
9,84,3.456121,0.0005
9,85,2.826372,0.0005
9,86,3.39694,0.0005
9,87,3.198414,0.0005
9,88,3.693131,0.0005
9,89,3.355419,0.0005
9,90,3.063461,0.0005
9,91,3.349874,0.0005
9,92,3.302962,0.0005
9,93,2.705956,0.0005
9,94,3.375366,0.0005
9,95,3.323175,0.0005
9,96,3.301525,0.0005
9,97,2.583101,0.0005
9,98,3.933776,0.0005
9,99,3.503225,0.0005
9,100,3.56793,0.0005
9,101,4.029239,0.0005
9,102,3.1497,0.0005
9,103,2.59892,0.0005
9,104,3.225889,0.0005
9,105,3.778494,0.0005
9,106,2.850912,0.0005
9,107,3.328827,0.0005
9,108,3.35081,0.0005
9,109,2.828648,0.0005
9,110,3.508814,0.0005
9,111,3.25908,0.0005
9,112,3.119096,0.0005
9,113,2.802012,0.0005
9,114,3.968227,0.0005
9,115,3.130498,0.0005
9,116,3.21848,0.0005
9,117,4.098259,0.0005
9,118,4.288325,0.0005
9,119,3.053928,0.0005
9,120,3.652072,0.0005
9,121,3.43451,0.0005
9,122,3.199539,0.0005
9,123,2.972831,0.0005
9,124,3.032208,0.0005
9,125,3.18819,0.0005
9,126,3.271371,0.0005
9,127,2.881888,0.0005
9,128,3.596045,0.0005
9,129,3.466144,0.0005
9,130,3.1238,0.0005
9,131,3.251117,0.0005
9,132,3.307673,0.0005
9,133,3.451999,0.0005
9,134,4.155606,0.0005
9,135,2.748116,0.0005
9,136,3.477817,0.0005
9,137,3.554462,0.0005
9,138,2.718036,0.0005
9,139,3.740464,0.0005
9,140,2.844426,0.0005
9,141,3.197858,0.0005
9,142,3.321724,0.0005
9,143,3.542366,0.0005
9,144,3.875458,0.0005
9,145,2.93723,0.0005
9,146,3.705652,0.0005
9,147,3.399913,0.0005
9,148,3.886593,0.0005
9,149,3.157846,0.0005
9,150,3.447488,0.0005
9,151,3.080022,0.0005
9,152,3.377956,0.0005
9,153,4.758801,0.0005
9,154,4.373157,0.0005
9,155,3.50655,0.0005
9,156,2.720906,0.0005
9,157,3.171625,0.0005
9,158,4.094577,0.0005
9,159,3.919369,0.0005
9,160,3.463273,0.0005
9,161,3.048556,0.0005
9,162,3.151562,0.0005
9,163,4.191875,0.0005
9,164,2.932873,0.0005
9,165,4.253177,0.0005
9,166,3.427221,0.0005
9,167,3.711328,0.0005
9,168,3.29621,0.0005
9,169,3.60792,0.0005
9,170,3.097138,0.0005
9,171,3.218282,0.0005
9,172,3.343958,0.0005
9,173,2.991501,0.0005
9,174,3.15665,0.0005
9,175,3.33998,0.0005
9,176,3.143202,0.0005
9,177,3.798167,0.0005
9,178,4.072677,0.0005
9,179,3.233571,0.0005
9,180,3.025335,0.0005
9,181,2.889406,0.0005
9,182,3.235112,0.0005
9,183,3.325037,0.0005
9,184,3.893344,0.0005
9,185,3.504353,0.0005
9,186,3.767381,0.0005
9,187,3.139768,0.0005
9,188,3.21306,0.0005
9,189,2.854161,0.0005
9,190,3.078857,0.0005
9,191,4.320875,0.0005
9,192,3.445275,0.0005
9,193,3.628848,0.0005
9,194,3.739021,0.0005
9,195,3.89509,0.0005
9,196,3.563038,0.0005
9,197,3.259951,0.0005
9,198,3.033204,0.0005
9,199,3.260212,0.0005
9,200,3.037856,0.0005
9,201,3.539386,0.0005
9,202,3.045551,0.0005
9,203,4.623739,0.0005
9,204,3.465429,0.0005
9,205,3.227742,0.0005
9,206,3.236675,0.0005
9,207,3.63464,0.0005
9,208,3.383697,0.0005
9,209,3.653897,0.0005
9,210,3.906509,0.0005
9,211,3.367447,0.0005
9,212,3.167781,0.0005
9,213,3.058331,0.0005
9,214,3.021103,0.0005
9,215,2.872785,0.0005
9,216,3.733979,0.0005
9,217,3.152743,0.0005
9,218,3.599008,0.0005
9,219,3.174825,0.0005
9,220,3.187506,0.0005
9,221,3.499527,0.0005
9,222,4.14397,0.0005
9,223,3.221221,0.0005
9,224,2.975991,0.0005
9,225,3.325369,0.0005
9,226,3.573958,0.0005
9,227,3.503103,0.0005
9,228,4.426553,0.0005
9,229,4.129181,0.0005
9,230,3.615426,0.0005
9,231,3.484104,0.0005
9,232,3.255056,0.0005
9,233,2.911197,0.0005
9,234,2.966361,0.0005
9,235,2.526647,0.0005
9,236,3.27068,0.0005
9,237,3.289187,0.0005
9,238,3.431417,0.0005
9,239,3.684152,0.0005
9,240,3.037405,0.0005
9,241,3.615148,0.0005
9,242,2.762191,0.0005
9,243,3.276223,0.0005
9,244,2.762684,0.0005
9,245,3.506384,0.0005
9,246,3.707846,0.0005
9,247,3.000024,0.0005
9,248,4.23961,0.0005
9,249,4.270385,0.0005
9,250,3.858765,0.0005
9,251,4.540519,0.0005
9,252,3.102413,0.0005
9,253,3.414008,0.0005
9,254,2.643377,0.0005
9,255,3.294659,0.0005
9,256,3.075296,0.0005
9,257,2.929942,0.0005
9,258,3.058891,0.0005
9,259,3.142314,0.0005
9,260,3.511693,0.0005
9,261,3.413699,0.0005
9,262,2.833401,0.0005
9,263,3.690724,0.0005
9,264,4.029899,0.0005
9,265,3.165381,0.0005
9,266,3.146933,0.0005
9,267,3.340106,0.0005
9,268,3.393713,0.0005
9,269,3.856474,0.0005
9,270,3.358114,0.0005
9,271,3.287963,0.0005
9,272,4.463054,0.0005
9,273,3.71695,0.0005
9,274,3.280994,0.0005
9,275,3.195423,0.0005
9,276,3.289843,0.0005
9,277,3.04422,0.0005
9,278,3.025765,0.0005
9,279,3.273302,0.0005
9,280,2.903387,0.0005
9,281,3.080191,0.0005
9,282,3.579706,0.0005
9,283,3.373851,0.0005
9,284,3.112254,0.0005
9,285,3.096457,0.0005
9,286,3.578253,0.0005
9,287,3.353285,0.0005
9,288,3.499291,0.0005
9,289,3.569829,0.0005
9,290,3.716214,0.0005
9,291,3.195219,0.0005
9,292,2.77909,0.0005
9,293,3.212525,0.0005
9,294,4.116494,0.0005
9,295,3.54122,0.0005
9,296,3.227121,0.0005
9,297,3.598113,0.0005
9,298,3.853755,0.0005
9,299,3.370687,0.0005
9,300,3.173509,0.0005
9,301,3.715801,0.0005
9,302,3.502853,0.0005
9,303,3.626286,0.0005
9,304,3.828263,0.0005
9,305,3.213079,0.0005
9,306,3.191274,0.0005
9,307,3.153533,0.0005
9,308,3.273033,0.0005
9,309,3.669285,0.0005
9,310,3.198593,0.0005
9,311,3.038412,0.0005
9,312,3.15676,0.0005
9,313,3.244578,0.0005
9,314,2.749263,0.0005
9,315,3.234982,0.0005
9,316,3.498032,0.0005
9,317,3.570136,0.0005
9,318,4.301038,0.0005
9,319,3.466023,0.0005
9,320,3.05564,0.0005
9,321,3.619166,0.0005
9,322,3.490351,0.0005
9,323,3.142754,0.0005
9,324,3.482745,0.0005
9,325,3.896438,0.0005
9,326,3.7823,0.0005
9,327,3.122786,0.0005
9,328,3.487909,0.0005
9,329,3.591015,0.0005
9,330,3.113036,0.0005
9,331,2.943383,0.0005
9,332,4.028816,0.0005
9,333,2.784346,0.0005
9,334,3.60353,0.0005
9,335,2.861318,0.0005
9,336,3.396407,0.0005
9,337,4.179686,0.0005
9,338,2.956968,0.0005
9,339,3.177222,0.0005
9,340,3.649075,0.0005
9,341,3.998461,0.0005
9,342,3.406042,0.0005
9,343,2.877398,0.0005
